sharpness_laplacian_var,sharpness_tenengrad,brightness_mean,brightness_std,exposure_histogram_skew,noise_residual_std,contrast_michelson,saturation_mean,entropy,corruption_score,label,source_image
5609.19875901565,28464.59996032715,96.26000213623047,67.47396825527792,0.7910513885228335,18.019951963368666,0.9999999996047431,100.37060546875,7.489273548126221,0.0,GOOD,0093.png
6.564635291637387,2136.2466430664062,97.25798416137695,59.738409339931394,1.041753579765684,0.5061921441262857,0.9533073926251722,86.33440017700195,7.415946006774902,0.0,BLUR,0093.png
856.434958940139,4337.945045471191,37.442901611328125,26.279341464516936,0.7848400909783186,7.042969172319392,0.999999998989899,100.85149383544922,6.218373775482178,0.0,UNDEREXPOSED,0093.png
12923.63683750102,61854.32706451416,162.03142166137695,81.49538975365924,-0.27469513255090133,27.264321058277336,0.9999999996078431,83.58195877075195,6.87596321105957,0.0,OVEREXPOSED,0093.png
29160.05614747759,54282.578437805176,99.00507736206055,72.58796848829863,0.7518320481700462,38.36781932847298,0.9999999996078431,93.29731750488281,7.435384273529053,0.0,NOISY,0093.png
1530.709656188672,22172.970092773438,97.12546157836914,64.88131408818028,0.8083834175419671,10.84661218020532,0.9999999996078431,80.30545425415039,7.274679660797119,0.0,CORRUPTED,0093.png
2599.3706118743285,19951.995986938477,134.12901306152344,52.448217041223586,-0.42975548785335216,10.516518792005675,0.9999999995918367,28.681964874267578,7.640556335449219,0.0,GOOD,0878.png
6.020240522397216,2019.6047592163086,139.69193649291992,46.90584616247888,-0.6334066583699929,0.46373909530635915,0.9510204077750938,22.931774139404297,7.468655586242676,0.0,BLUR,0878.png
108.11205290257931,819.1315002441406,26.67798614501953,10.62440713865502,-0.4258625001770492,2.156146742185189,0.9999999979591837,29.39223861694336,5.341305732727051,0.0,UNDEREXPOSED,0878.png
2465.8086799545563,16880.67409515381,228.56928253173828,54.98237236139813,-2.216383714253786,10.309271117807585,0.9999999996078431,14.648086547851562,3.3201210498809814,0.0,OVEREXPOSED,0878.png
30307.551583893364,51949.914894104004,138.88528060913086,62.82003988058136,-0.3920118558783266,38.34548108227467,0.9999999996078431,26.353130340576172,7.579822540283203,0.0,NOISY,0878.png
1004.1052703298046,18105.895263671875,139.78430557250977,53.86388949967626,-0.4264110939537199,8.216511670368316,0.9999999996078431,1.9314041137695312,6.486364364624023,0.0,CORRUPTED,0878.png
2741.9323786707682,19015.40705871582,70.9416618347168,55.61390725735087,0.9286196084764828,13.533069677576858,0.9843749996154785,74.39273071289062,7.431099891662598,0.0,GOOD,0444.png
221.714046883033,3162.4870986938477,71.95052719116211,48.3402495006307,0.6023067828163882,4.703300179912304,0.971698112749199,64.5160140991211,7.3643717765808105,0.0,BLUR,0444.png
44.645350433755084,301.0255584716797,8.641971588134766,6.980797244180201,0.9265443447061661,1.7279200109441495,0.999999996875,81.80830383300781,4.50937032699585,0.0,UNDEREXPOSED,0444.png
5245.788541773101,36669.58003234863,133.37232208251953,83.8171241302783,0.16502856332946048,19.182393197523144,0.961538461168639,69.62910842895508,7.107850074768066,0.0,OVEREXPOSED,0444.png
9044.363942962123,25777.52117919922,73.3061752319336,56.44543697824775,0.9111695621786,21.869997593310067,0.9999999996078431,151.70440292358398,7.556066989898682,0.0,NOISY,0444.png
1291.773292032769,8909.896583557129,50.387489318847656,38.61338338190142,0.9762030778599964,9.235847805552407,0.9779005519459113,255.0,6.885146617889404,0.0,CORRUPTED,0444.png
2458.9987410372123,12966.00634765625,115.03684616088867,62.80873833328349,0.21977681210402558,11.196410187939026,0.9609374996246337,77.18306350708008,7.822348594665527,0.0,GOOD,0475.png
3.4569853939465247,1486.6595458984375,117.04061889648438,57.431607496921444,0.1892466297282143,0.3032097034089259,0.909774435748205,70.79314422607422,7.733118057250977,0.0,BLUR,0475.png
319.3130416771746,1675.9338912963867,41.01864242553711,22.56611261115125,0.22251332301641466,4.037420623524853,0.9780219769472287,77.9575080871582,6.350098609924316,0.0,UNDEREXPOSED,0475.png
5248.273911830953,22527.469497680664,192.48995208740234,74.12692828274126,-0.8560698805314519,16.469242471454315,0.9172932327378596,61.28019332885742,6.08887243270874,0.0,OVEREXPOSED,0475.png
23532.198004723155,36858.455810546875,117.33274841308594,66.36101184933008,0.16987269457166634,33.53855227696487,0.9999999996078431,159.01365280151367,7.946930408477783,0.0,NOISY,0475.png
2488.9537424989394,14129.526161193848,95.92009353637695,71.61029128590076,0.3020118407508637,10.859506905392688,0.9999999996078431,63.297157287597656,7.235611438751221,0.0,CORRUPTED,0475.png
1866.6992709487677,14133.50082397461,106.75385284423828,65.27323082341663,-0.17655333256068081,9.447549717336958,0.9999999996062993,74.42800521850586,7.546331882476807,0.0,GOOD,0590.png
143.36238451498502,2787.819869995117,103.36130142211914,58.6232672740997,-0.14080225916525332,3.3859104997415734,0.9999999995652175,70.05313491821289,7.558637619018555,0.0,BLUR,0590.png
61.30564115103334,454.6052017211914,18.692527770996094,11.639158937179044,-0.16447552546726316,1.7188467854476264,0.9999999977777777,72.82576751708984,5.112835884094238,0.0,UNDEREXPOSED,0590.png
4813.118938760466,33240.32117462158,181.0627212524414,90.62297156305902,-0.8091671323866994,15.254794088234693,0.9999999996078431,34.732154846191406,5.429159164428711,0.0,OVEREXPOSED,0590.png
10440.45578481162,22541.376983642578,104.7991714477539,63.56841482903667,-0.025892114420689557,22.30077092574511,0.9999999996078431,139.09427642822266,7.784745216369629,0.0,NOISY,0590.png
772.0244100811979,11600.424758911133,103.47713470458984,62.34265242664838,-0.1649866474728962,7.4007605442338384,0.9999999996078431,55.538841247558594,5.804500579833984,0.0,CORRUPTED,0590.png
1840.6935180043802,11111.366439819336,140.57420349121094,46.69125741624921,0.6338572912208292,10.376651939960551,0.9919354834709938,68.03702926635742,7.107653617858887,0.0,GOOD,0874.png
2.1466901591047645,589.5884094238281,145.11164474487305,41.630714711240145,1.0924608311484865,0.20683997637035628,0.683168316606215,65.7332763671875,6.844761848449707,0.0,BLUR,0874.png
73.75782183172123,436.34352111816406,27.40222930908203,9.246384638348044,0.6569644300354883,2.0851405545683606,0.9999999979591837,69.24225234985352,4.843320369720459,0.0,UNDEREXPOSED,0874.png
2635.2765802400536,14484.531211853027,233.98445892333984,36.453662287796405,-2.24592334829882,13.154405567616458,0.9691119687377945,35.6104621887207,4.676076889038086,0.0,OVEREXPOSED,0874.png
8711.570394860348,19461.06004333496,143.64750289916992,49.37647952044792,0.33855836931261435,20.847268546222608,0.9999999996078431,93.34424209594727,7.51758337020874,0.0,NOISY,0874.png
970.0069458743092,5857.716445922852,96.57444763183594,34.92151796736277,0.8082570346491389,7.506581815777197,0.9888888883395062,255.0,6.646231651306152,0.0,CORRUPTED,0874.png
1267.5406026204437,9005.141288757324,64.13556671142578,40.780726180774465,1.269877883304769,6.698666170218695,0.9062499996459961,207.427490234375,6.9890594482421875,0.0,GOOD,0252.png
30.23287504746986,1050.9707336425781,67.55059814453125,35.48465315722573,1.1926739207133539,1.1880157188583442,0.8734177211504567,195.50554656982422,6.913152694702148,0.0,BLUR,0252.png
59.06696595750691,408.28429412841797,13.2430419921875,8.67267365687123,1.256406794043209,1.4685758961997037,0.9245283001423994,211.82705307006836,4.767364978790283,0.0,UNDEREXPOSED,0252.png
2800.496560963278,22515.300552368164,127.10016632080078,64.52213267895822,0.43034648350336785,9.556639700499847,0.8149466189270652,200.8272590637207,7.612377166748047,0.0,OVEREXPOSED,0252.png
15496.598170986726,25855.012939453125,71.56111526489258,47.4639918670733,0.8678922475793401,27.034463546852805,0.9999999996078431,211.78816604614258,7.4334611892700195,0.0,NOISY,0252.png
596.208398258299,3544.789276123047,53.468963623046875,26.074924168831206,0.7227003065223594,4.835450651390429,0.8842105258504155,255.0,6.527708530426025,0.0,CORRUPTED,0252.png
2057.2326934398006,13630.507873535156,141.5225372314453,42.94252763656722,0.3922668193979676,10.312542375811855,0.954022988140221,66.54444122314453,7.205094337463379,0.0,GOOD,0551.png
4.02333414448367,1284.8294830322266,137.19528579711914,35.46868427202297,0.6087805594917528,0.35274333099491223,0.8222222219176955,62.52596664428711,6.976268291473389,0.0,BLUR,0551.png
156.27833890925103,1024.523452758789,38.42434310913086,11.76232190975456,0.3841442676735305,2.8491118753711286,0.9726027383936949,67.18133544921875,5.340036869049072,0.0,UNDEREXPOSED,0551.png
1401.6606095754394,9870.67837524414,245.27449798583984,29.240562786338852,-4.351379310776286,8.987045169935408,0.8959107803360926,11.784191131591797,2.9047141075134277,0.0,OVEREXPOSED,0551.png
17710.319737752063,30582.13466644287,136.24225997924805,48.66929189211555,0.13591018188773324,29.19734478008026,0.9999999996078431,119.50326538085938,7.615163803100586,0.0,NOISY,0551.png
1907.933325463382,14811.53645324707,113.3470344543457,61.83760603089888,-0.4617425163821489,9.498441533249766,0.9999999996047431,56.441307067871094,6.646838665008545,0.0,CORRUPTED,0551.png
6675.931037895789,22983.155364990234,117.27533721923828,56.72683574822013,-0.49029156752233083,19.062030967820526,0.999999999593496,116.2939224243164,7.532130718231201,0.0,GOOD,0312.png
2.227302341721952,710.8220062255859,121.50556564331055,48.886960095715494,-0.4706383826317508,0.2343583199158469,0.9650655017619801,106.13641738891602,7.427423000335693,0.0,BLUR,0312.png
216.12124251991918,737.376823425293,20.578235626220703,10.132084280755699,-0.4911693039382606,3.433573442013621,0.9999999977272727,119.24676132202148,5.046162128448486,0.0,UNDEREXPOSED,0312.png
15114.94760475585,47507.24253845215,192.1305923461914,78.1015156427066,-1.1846837931745455,29.16002403044938,0.9999999996078431,74.9503288269043,6.342554569244385,0.0,OVEREXPOSED,0312.png
18493.546566554753,36383.1007232666,121.8869514465332,60.51007818364571,-0.2797593385452552,30.297095017512582,0.9999999996078431,149.0461654663086,7.8146867752075195,0.0,NOISY,0312.png
5771.883663177474,19656.344131469727,104.46134185791016,49.94472371161535,-0.3778238838773509,17.713330514037125,0.9999999995555556,254.9747085571289,7.4004130363464355,0.0,CORRUPTED,0312.png
9474.667724696668,27146.230461120605,142.64392852783203,59.73400107912305,0.08397690277963343,22.575934046707495,0.9318181814652203,93.42385864257812,7.442574501037598,0.0,GOOD,0491.png
10.4796276515699,2098.591751098633,136.60083770751953,49.6943383250679,0.47305086283625614,0.7574491809725212,0.8007380070845984,91.16366577148438,7.138763904571533,0.0,BLUR,0491.png
383.8514293914195,1099.0674591064453,28.27981185913086,12.049024658036199,0.08935465604864894,4.548262701336014,0.9615384596893491,96.71232986450195,5.190042018890381,0.0,UNDEREXPOSED,0491.png
11882.637416664453,29059.326873779297,227.0811653137207,43.68686589538028,-1.7831196718388616,25.823389446031943,0.8411552343533735,59.11399459838867,5.067842483520508,0.0,OVEREXPOSED,0491.png
46700.04826873541,67823.07447814941,135.63004302978516,68.00809281473572,-0.05447846526824204,48.22528271317274,0.9999999996078431,85.09160995483398,7.212499141693115,0.0,NOISY,0491.png
1389.9632856489625,17484.613220214844,136.57971954345703,54.66126875158198,0.21577135426768215,10.475659906502305,0.9999999996078431,94.21805953979492,6.688449382781982,0.0,CORRUPTED,0491.png
5542.793058653811,28200.61937713623,118.14006042480469,74.49351216021188,0.30816976186500894,16.947628807912228,0.9999999996078431,78.43268203735352,7.782791614532471,0.0,GOOD,0173.png
2.779903212664067,944.5128707885742,113.18723678588867,62.612475358584256,0.3773860205616578,0.26939553684623957,0.9588477362309269,68.8651008605957,7.62678337097168,0.0,BLUR,0173.png
275.5482174540957,1401.5701065063477,25.8197021484375,16.581422572652396,0.3136077396257215,3.789576997002034,0.9999999983050847,81.46782684326172,5.647718906402588,0.0,UNDEREXPOSED,0173.png
9307.74802604933,46526.79234313965,190.33784103393555,78.85155864871993,-0.9162718782859571,22.86537383472147,0.9999999996078431,52.59433364868164,5.918340682983398,0.0,OVEREXPOSED,0173.png
15048.10025343227,35933.45285797119,113.33782577514648,71.32437785070631,0.29976858925228833,27.144336769716464,0.9999999996078431,140.8841896057129,7.948198318481445,0.0,NOISY,0173.png
1573.260215688133,19422.497329711914,113.46597290039062,69.697623559572,0.3381032315594704,10.182266790389985,0.9999999996078431,45.079227447509766,5.757408142089844,0.0,CORRUPTED,0173.png
3388.740771840734,11693.676368713379,114.0386734008789,73.41816442410675,0.4477615069929885,13.565418265422057,0.9999999996031746,89.53212356567383,7.514537811279297,0.0,GOOD,0300.png
1.9353294372413075,344.68324279785156,115.03447341918945,70.03340745369535,0.5685958685838514,0.21185631558507598,0.9751037340352267,78.93397903442383,7.371099472045898,0.0,BLUR,0300.png
151.24723564088345,518.3724365234375,23.6590576171875,15.414470336108666,0.44705220247626265,2.8719100524368524,0.9999999981132075,91.58724975585938,5.292611122131348,0.0,UNDEREXPOSED,0300.png
10149.563789125747,31678.216819763184,192.60514450073242,71.91528279233655,-0.9022810760031557,23.44151256690323,0.9999999996078431,69.70484924316406,5.891501426696777,0.0,OVEREXPOSED,0300.png
45665.85165302965,60593.33540344238,116.30695724487305,80.5260883747197,0.37538749174023195,47.91027015661132,0.9999999996078431,78.92376708984375,7.333434104919434,0.0,NOISY,0300.png
2775.1669599043526,9951.550102233887,102.91230392456055,82.77524439638054,0.3829147753988893,12.21425718807983,0.9999999996047431,72.68376159667969,6.936245918273926,0.0,CORRUPTED,0300.png
14766.251236917198,49043.43242645264,74.326171875,63.558161284568676,0.8981340803594613,29.048425204140358,0.9999999996015937,113.82901000976562,7.582174301147461,0.0,GOOD,0029.png
438.65657612004725,4851.307952880859,76.05351638793945,46.96364438218284,0.7418633482118655,6.65636175986838,0.9917695469169673,69.76222229003906,7.420637130737305,0.0,BLUR,0029.png
564.8434653137228,1870.8056030273438,14.10226058959961,12.40576043309825,0.9022271952929484,5.684224351002865,0.9999999979591837,117.82796096801758,5.224985599517822,0.0,UNDEREXPOSED,0029.png
30275.056570997323,107575.16835784912,155.23859786987305,89.58493021825745,-0.22244309100662,43.139157783218636,0.9999999996078431,92.65266036987305,6.759847640991211,0.0,OVEREXPOSED,0029.png
20511.25778375473,54203.47929382324,77.74609756469727,64.22769281000346,0.8781756432316374,33.25481162518363,0.9999999996078431,164.42687225341797,7.64646053314209,0.0,NOISY,0029.png
12299.938432756328,41280.997383117676,68.29887390136719,58.39493816032358,0.8753999652297618,26.505258246231506,0.9999999995575222,254.5136260986328,7.441435813903809,0.0,CORRUPTED,0029.png
7811.589823895076,34988.58127593994,127.55904769897461,67.52645140992672,-0.5053674916476373,21.879002323643757,0.9999999996078431,98.69163131713867,7.304605007171631,0.0,GOOD,0375.png
990.630398478359,11775.798736572266,125.57884216308594,58.888305018869,-0.44122975112430907,9.161261025983656,0.983193276897818,86.235595703125,7.260409355163574,0.0,BLUR,0375.png
225.7921827197424,1006.1241683959961,21.185577392578125,11.417951382176179,-0.5025603618835137,3.720432186579349,0.9999999976744186,102.77059555053711,4.769453048706055,0.0,UNDEREXPOSED,0375.png
15507.255493416316,60505.814796447754,204.89080810546875,77.39922485976759,-1.2277105890677227,31.31539849946306,0.9999999996078431,54.360042572021484,4.3385162353515625,0.0,OVEREXPOSED,0375.png
28467.02519371151,56329.19032287598,125.64727401733398,70.88465834893792,-0.3815206386044744,38.65810152231843,0.9999999996078431,93.18035125732422,7.248125076293945,0.0,NOISY,0375.png
5984.895946470539,30543.042587280273,107.10921859741211,76.9077571880825,-0.21814891621321808,19.237764752977604,0.9999999996062993,84.89314270019531,6.652111053466797,0.0,CORRUPTED,0375.png
2932.434395601449,12264.134887695312,146.30677795410156,64.8388168456264,-0.17686992594954018,12.205691545269895,0.9318181814652203,95.31954574584961,7.744665145874023,0.0,GOOD,0534.png
101.47882381755335,2192.589225769043,142.72692489624023,59.38455974255062,-0.10689193452154584,2.7441807088918404,0.8805970145967921,93.32783126831055,7.659629821777344,0.0,BLUR,0534.png
131.97421594137268,547.6802215576172,30.42983627319336,13.686697528405375,-0.1779078537373087,2.5968286413098487,0.9642857125637755,96.87199783325195,5.529726982116699,0.0,UNDEREXPOSED,0534.png
2905.4704228982882,11998.606788635254,223.28730010986328,49.98466227001986,-1.6021330908498044,12.303380144078863,0.8411552343533735,52.44284439086914,4.384674072265625,0.0,OVEREXPOSED,0534.png
45565.70453776691,61028.31851196289,141.10504913330078,73.0245503244778,-0.24060925768966346,47.73319307273903,0.9999999996078431,84.54636764526367,7.4885125160217285,0.0,NOISY,0534.png
1283.9373964797123,5352.428840637207,94.78480529785156,47.25746202579095,-0.08022353958153494,8.024228842050583,0.9999999994350283,255.0,7.252958297729492,0.0,CORRUPTED,0534.png
7996.537655120483,26563.081260681152,107.55421829223633,80.46466960498553,0.4688718395222308,21.105883365877826,0.945525291460885,84.75141906738281,7.363485336303711,0.0,GOOD,0537.png
200.5210785408126,2679.067039489746,110.19830322265625,76.21183430558551,0.5852280820892835,4.176970705214741,0.8507462683392737,71.40250015258789,7.435858249664307,0.0,BLUR,0537.png
741.0037839263678,2456.137825012207,32.400291442871094,24.467648054250386,0.47050209751264765,6.426755377846565,0.9487179475016437,86.09603881835938,5.642992973327637,0.0,UNDEREXPOSED,0537.png
18070.97213723458,54932.41219329834,161.9111671447754,84.72534686117572,-0.10464948048178076,32.27254137240221,0.8681318678138711,75.83701705932617,5.715230941772461,0.0,OVEREXPOSED,0537.png
21891.587366989756,41158.64144897461,110.79171752929688,79.81881700284518,0.3876788001405204,33.03118342925609,0.9999999996078431,154.3586082458496,7.875331401824951,0.0,NOISY,0537.png
7763.1298957853,28914.6962890625,84.53445816040039,80.7884203974394,0.8394474091530427,20.51213714954241,0.9999999996078431,76.43211364746094,6.800611972808838,0.0,CORRUPTED,0537.png
5806.47407029476,29665.164360046387,139.00455474853516,73.05397997076687,-0.10779082542814818,18.145453078893784,0.9999999996078431,27.453998565673828,7.743703365325928,0.0,GOOD,0514.png
13.621086105689756,3560.8093795776367,133.9070167541504,63.883478203954134,-0.13281229806931047,0.7763144880734735,0.9682539678697405,23.71221160888672,7.713737487792969,0.0,BLUR,0514.png
112.92631188964879,569.1437072753906,18.77652359008789,10.108250660744098,-0.09581125047859541,2.5373938309132047,0.9999999972222222,28.296817779541016,5.0207109451293945,0.0,UNDEREXPOSED,0514.png
4519.766426086426,24274.729873657227,215.3311996459961,66.13471548849515,-1.39194984913179,16.156259971712313,0.9921874996124267,13.926044464111328,3.7290680408477783,0.0,OVEREXPOSED,0514.png
47526.70879929779,73387.27418518066,133.14499282836914,78.1886771248127,-0.11033585668368452,49.0238469839708,0.9999999996078431,24.721721649169922,7.548899173736572,0.0,NOISY,0514.png
4633.09375861939,24649.987129211426,118.8132553100586,81.08899076694046,-0.09217455588541235,15.954244114307857,0.9999999996062993,21.30854034423828,7.153094291687012,0.0,CORRUPTED,0514.png
1443.1207436788682,6791.33447265625,56.01738739013672,35.91440848804752,2.340527232743315,8.90455151272676,0.9999999995884774,223.6583709716797,6.605148792266846,0.0,GOOD,0689.png
2.556629179729498,583.9550170898438,59.35896682739258,34.076148638467686,2.1140252838643327,0.2822309116462359,0.9999999996078431,220.26604080200195,6.684345722198486,0.0,BLUR,0689.png
29.7605628460733,135.54002380371094,7.510074615478516,5.0396678540141036,2.3606491278900794,1.2855802927200066,0.9999999970588235,225.17082595825195,3.7894370555877686,0.0,UNDEREXPOSED,0689.png
2930.3782703892794,13065.60865020752,119.57046890258789,55.653409213150326,0.6970418230079803,12.499653963769353,0.9999999996078431,219.67367553710938,7.315234184265137,0.0,OVEREXPOSED,0689.png
23111.650736300144,32560.966285705566,62.719032287597656,48.72171332934759,2.3811280514030004,33.88931451312256,0.9999999996078431,210.7149429321289,6.6608686447143555,0.0,NOISY,0689.png
351.3607823811326,5492.389801025391,60.33256530761719,36.35704362655791,2.2845687849574903,5.004544531053352,0.9999999996078431,202.46187591552734,4.306056976318359,0.0,CORRUPTED,0689.png
5490.5362071229465,36211.94129943848,127.23625183105469,71.37571532768776,0.008176318962636993,17.421723068713398,0.9521912346804019,56.50724411010742,7.767696380615234,0.0,GOOD,0351.png
8.944464437765419,3332.980209350586,125.78904342651367,60.604815613755285,0.07897112650167169,0.5378074518012448,0.9352226716861447,49.777854919433594,7.697885513305664,0.0,BLUR,0351.png
549.166593402726,3611.1429595947266,39.832618713378906,22.536279856587253,0.008167554784591169,5.51333175664302,0.9743589731097962,57.766319274902344,6.165054798126221,0.0,UNDEREXPOSED,0351.png
8979.535865297308,49319.40808105469,199.1504364013672,75.42680174029007,-1.0054422406592025,22.705048183544474,0.9029850742899309,35.46587371826172,5.121343612670898,0.0,OVEREXPOSED,0351.png
17569.31537736184,47026.551414489746,125.48986434936523,71.05334835309014,0.016293153465820286,29.642174131362516,0.9999999996078431,133.13965225219727,7.985608100891113,0.0,NOISY,0351.png
2347.8946831378707,32117.373504638672,126.05926132202148,69.50331427199187,0.029942520827369538,13.57315697499959,0.9999999996078431,41.92770767211914,7.497596740722656,0.0,CORRUPTED,0351.png
626.7583239399682,11946.72241973877,90.32130813598633,59.4257825831851,0.5231997175356514,5.200741235558413,0.8396946561680554,81.34101867675781,7.299027442932129,0.0,GOOD,0200.png
3.7712130858417368,2378.905014038086,94.5130386352539,53.89440127628785,0.46879503191387245,0.29706448690591847,0.8153846150710058,72.72259902954102,7.414427757263184,0.0,BLUR,0200.png
70.33852217554522,1309.1665573120117,29.600475311279297,19.657180699160804,0.5212620390828127,1.7516783500777284,0.8588235284013841,83.00580596923828,5.743342399597168,0.0,UNDEREXPOSED,0200.png
1533.3144811633829,24727.95085144043,175.12213516235352,79.61183890377451,-0.26002893943399963,7.46206262114802,0.6504854366826908,70.14631271362305,5.461399078369141,0.0,OVEREXPOSED,0200.png
14918.665645242649,28793.95481109619,96.15642547607422,64.17811902567308,0.482608733915844,26.506736158372657,0.9999999996078431,155.92161178588867,7.83047342300415,0.0,NOISY,0200.png
752.0850981455151,12437.990234375,78.29480361938477,65.71008256051307,0.6167387369344323,5.290887301920999,0.9999999996015937,69.58287048339844,6.791740894317627,0.0,CORRUPTED,0200.png
4318.8121165890325,28851.10806274414,118.2452163696289,77.80012052181802,0.10635377322672211,14.939817700683175,0.9999999995983936,60.13495635986328,7.595859527587891,0.0,GOOD,0847.png
17.610546011812403,4950.911926269531,121.31888198852539,73.24464070625761,0.22248990584102726,0.8296524501556378,0.9999999996062993,45.164772033691406,7.669683456420898,0.0,BLUR,0847.png
415.68349204957485,2770.9833221435547,36.3462028503418,24.167864682048027,0.116916590412423,4.640558818251733,0.9999999987012987,59.604881286621094,6.044182777404785,0.0,UNDEREXPOSED,0847.png
12321.087395928316,60069.15434265137,190.63811492919922,87.081546130415,-0.9287218592928194,24.80762619875225,0.9999999996078431,43.22513198852539,4.670140266418457,0.0,OVEREXPOSED,0847.png
10009.75796878208,35035.12008666992,120.88599395751953,77.66430707776794,0.08416747241208147,22.293523997777555,0.9999999996078431,116.19673156738281,7.951566696166992,0.0,NOISY,0847.png
1685.196886156671,26159.92977142334,121.70327377319336,78.35336010197777,0.13580542875596385,11.079940463692061,0.9999999996078431,29.409015655517578,7.160372734069824,0.0,CORRUPTED,0847.png
4003.992871921728,25565.064292907715,137.54236221313477,65.27169011255899,-0.21549743523738416,14.5293284796735,0.9999999995884774,55.585567474365234,7.6229071617126465,0.0,GOOD,0399.png
336.63625880976906,6224.033248901367,144.45138549804688,60.05461713387256,0.09681359704240772,4.980552147466246,0.9919354834709938,50.143131256103516,7.650839805603027,0.0,BLUR,0399.png
405.0564594310126,2576.7811279296875,43.30768585205078,20.714074591425586,-0.21530004971216143,4.626756158288958,0.9999999987012987,56.18343734741211,6.095981121063232,0.0,UNDEREXPOSED,0399.png
9074.762092089048,52130.161293029785,221.2578239440918,60.93865970241545,-1.7261605297363174,22.67693990693846,0.9999999996078431,23.50701904296875,3.757047176361084,0.0,OVEREXPOSED,0399.png
22229.548703567823,46116.75295257568,142.19155502319336,69.27574995701194,-0.20976165776359992,32.997448944425955,0.9999999996078431,128.38827514648438,7.951540470123291,0.0,NOISY,0399.png
3764.8795715243905,26399.801475524902,121.22869873046875,82.10882490481501,-0.10063617637101402,13.88942120913183,0.9999999996078431,46.75922393798828,7.038202285766602,0.0,CORRUPTED,0399.png
10437.736917039147,34947.70852661133,125.92933654785156,49.5086149571946,0.06816437989310245,23.349819094853025,0.9999999995951417,48.21493911743164,7.631849765777588,0.0,GOOD,0545.png
3.828302200519829,1186.477439880371,130.09092330932617,33.75418889042229,-0.09203360257322853,0.35884656906582874,0.9489361698089633,34.78861999511719,7.104145526885986,0.0,BLUR,0545.png
625.9259009452071,2091.57218170166,30.398391723632812,12.108760941139192,0.06983494617017676,5.7223984586159515,0.9999999983333333,49.001434326171875,5.602479457855225,0.0,UNDEREXPOSED,0545.png
8596.437369076477,28061.09326171875,236.7462387084961,41.208553567534025,-2.9212305853152283,22.262211488313906,0.9999999996078431,22.189903259277344,3.376720905303955,0.0,OVEREXPOSED,0545.png
47137.92291296144,75799.07918548584,129.85575485229492,63.333802405256826,-0.005096963427553506,48.04865975321018,0.9999999996078431,42.93914794921875,7.457836151123047,0.0,NOISY,0545.png
2049.6778730330407,22385.115127563477,130.27404022216797,45.81236383638097,-0.03451781625993233,12.182142501356756,0.9999999996078431,11.4261474609375,5.207558631896973,0.0,CORRUPTED,0545.png
20191.617463343406,89028.68507385254,75.97235870361328,76.17971373205978,0.9762782249330124,34.71104489715919,0.9999999996078431,83.9906997680664,7.315189361572266,0.0,GOOD,0561.png
923.007605622508,13297.231048583984,74.40564346313477,49.82710471642995,0.4587443246151985,8.760109898456362,0.9837398369984798,66.38247299194336,7.383236885070801,0.0,BLUR,0561.png
344.68893288075924,1511.9290237426758,9.471138000488281,9.922307067616192,0.9746961831016999,4.5396958244397485,0.9999999970588235,91.21090698242188,4.422196865081787,0.0,UNDEREXPOSED,0561.png
27218.743971253487,125023.35264587402,118.56162643432617,94.77969813725528,0.47388998420497275,40.49070328736852,0.9999999996078431,73.86431503295898,6.563719749450684,0.0,OVEREXPOSED,0561.png
24193.954573587922,85273.99682617188,76.8217658996582,72.94009040130632,0.9396367656855003,36.733094930096726,0.9999999996078431,170.7411231994629,7.541120529174805,0.0,NOISY,0561.png
3038.720742407124,13849.926788330078,31.338912963867188,30.534721723233783,0.9170074606277698,13.371521012278057,0.9999999990476192,254.9688720703125,6.053922653198242,0.0,CORRUPTED,0561.png
4376.5198475723,27722.396591186523,115.4520034790039,62.8271083597257,0.42489554210917974,16.598841758544218,0.9844357972823207,69.4681167602539,7.692447185516357,0.0,GOOD,0812.png
649.9004821413546,7665.716773986816,112.20104598999023,50.19887736889696,0.34720867240745024,8.16681969093394,0.936758892910372,62.78026580810547,7.521698474884033,0.0,BLUR,0812.png
62.81051635596668,387.5771789550781,13.131168365478516,7.378731711493543,0.4232647007793324,1.9925912314725966,0.9999999967741935,73.41248321533203,4.615238189697266,0.0,UNDEREXPOSED,0812.png
7180.937927573437,32211.91316986084,202.56712341308594,65.76955876845547,-1.2233875340222424,20.073852056213944,0.9691119687377945,48.915985107421875,5.79640531539917,0.0,OVEREXPOSED,0812.png
10382.623404866066,32671.986038208008,111.96440887451172,62.392207581475674,0.4016394864088906,23.380844792839355,0.9999999996078431,119.75044631958008,7.825039386749268,0.0,NOISY,0812.png
3424.3852536178747,20727.444107055664,94.28489685058594,68.00060201164148,0.3387821325235112,14.207219557532557,0.9999999996062993,62.10527420043945,7.037954330444336,0.0,CORRUPTED,0812.png
2113.729629921014,19003.663719177246,167.3978614807129,45.132973312237596,-1.2573057867912993,10.619048553718821,0.974248926620494,63.40066909790039,7.133110046386719,0.0,GOOD,0690.png
196.6263400381431,7008.759346008301,168.40947723388672,38.82744817413631,-1.0211251823871408,3.616172475921586,0.90041493738572,60.755577087402344,7.068319320678711,0.0,BLUR,0690.png
213.8166873473092,1905.142562866211,52.77796936035156,14.267886655075745,-1.2589397787376218,3.3819326618884524,0.9729729716581447,63.7305793762207,5.473537445068359,0.0,UNDEREXPOSED,0690.png
3187.4149773373347,23042.56093597412,242.26016998291016,35.91746904213854,-3.6447554460555707,13.317502276075384,0.9245283015379138,27.57439422607422,2.803992509841919,0.0,OVEREXPOSED,0690.png
31326.144995674418,51538.25070953369,165.37160110473633,56.75432957410231,-1.2693959308226397,39.11469089367965,0.9999999996078431,58.213661193847656,7.058741569519043,0.0,NOISY,0690.png
858.0192068018805,16765.408081054688,168.2908592224121,44.91652362218864,-1.043391917113819,7.396391124903987,0.9999999996078431,64.55847549438477,5.2144975662231445,0.0,CORRUPTED,0690.png
2789.0482713078236,10829.983619689941,103.40450286865234,40.92730144746933,-0.10985419812945708,12.247111039783212,0.9999999995535714,130.03960800170898,7.161378860473633,0.0,GOOD,0398.png
75.64219148620032,1349.6133880615234,108.59328842163086,36.98855767688158,-0.31916863132180207,2.488470642396347,0.9822222217856791,126.48445129394531,6.976476669311523,0.0,BLUR,0398.png
322.0562455988111,1245.301528930664,34.736839294433594,13.856558095486507,-0.11673893727822088,4.16653386222275,0.9999999986842106,131.14119338989258,5.600833892822266,0.0,UNDEREXPOSED,0398.png
5480.289150038834,17336.090560913086,213.51344680786133,58.00940623468273,-1.896961214540272,17.557058811020884,0.9999999996078431,87.37971878051758,4.495709419250488,0.0,OVEREXPOSED,0398.png
28174.5256253443,40788.863136291504,109.86017608642578,53.41423986121963,0.2972172776515484,37.38027542273564,0.9999999996078431,119.93802642822266,7.1556901931762695,0.0,NOISY,0398.png
449.3374361339811,6741.607604980469,109.1473159790039,41.00445053096759,-0.2118033953633592,5.303805581674443,0.9999999996078431,111.1484375,3.4109017848968506,0.0,CORRUPTED,0398.png
846.6197126498446,12295.373710632324,91.5209732055664,59.05878619073862,0.21207489127224224,5.360900245101719,0.9835390942454572,204.7477149963379,7.628312110900879,0.0,GOOD,0802.png
15.679440738851554,1912.766616821289,90.7393913269043,43.604178588766025,0.29785087153165174,0.8534125239809904,0.9537037032621742,205.87353134155273,7.412436485290527,0.0,BLUR,0802.png
43.01389317115536,594.7548522949219,19.615123748779297,12.963184705785638,0.21332023962383412,1.2296280735092846,0.9999999980769231,219.8223762512207,5.460808753967285,0.0,UNDEREXPOSED,0802.png
2438.641256396135,34175.76752471924,170.34988021850586,78.23555240370595,-0.73023030370097,7.915478264575934,0.961538461168639,181.58123397827148,7.1864705085754395,0.0,OVEREXPOSED,0802.png
6313.813049824079,17869.2845993042,92.05929183959961,58.991213820836386,0.2555650032046324,16.99045358331902,0.9999999996031746,209.09716033935547,7.727021217346191,0.0,NOISY,0802.png
381.0807421262725,5924.711242675781,65.5743522644043,39.873977925467145,0.06643084127788922,3.5563030788360535,0.9880952375070862,255.0,7.097061634063721,0.0,CORRUPTED,0802.png
14999.83480895588,41745.60600280762,68.20636367797852,56.29349349807413,1.2329572119310526,27.732959470211647,0.9999999995918367,158.86273574829102,7.399740219116211,0.0,GOOD,0529.png
265.8307624368317,3585.8579025268555,71.25708389282227,40.26176343977619,1.2308790851442342,4.883822185727776,0.9691119687377945,129.9259033203125,7.179645538330078,0.0,BLUR,0529.png
1651.4360031855758,4592.594535827637,22.279186248779297,18.669167007883047,1.2344260433742216,9.205580492548837,0.9999999987654322,163.50550079345703,5.817082405090332,0.0,UNDEREXPOSED,0529.png
39061.25334140807,100773.92845153809,135.72463607788086,83.9609011493518,0.10454169601444903,45.08551123885092,0.9999999996078431,148.0666847229004,7.504269599914551,0.0,OVEREXPOSED,0529.png
45934.2800225089,77012.08824920654,75.19646072387695,67.30803575866398,1.2511632389843015,47.595441849981825,0.9999999996078431,143.64971542358398,7.344935894012451,0.0,NOISY,0529.png
2913.465801920742,8509.829940795898,26.646942138671875,25.2848161774225,1.259069055479829,12.256109323648102,0.9999999990476192,254.6974754333496,6.111391067504883,0.0,CORRUPTED,0529.png
3768.3826414700015,29181.363739013672,57.8098030090332,61.54545166564631,1.3693238837859067,14.00027990206018,0.9999999996078431,78.5959587097168,7.010948181152344,0.0,GOOD,0731.png
115.9380569064524,3862.7668228149414,56.33869171142578,49.74370764875029,1.1118243074947665,2.7468072056232087,0.9841269837364576,68.39320373535156,7.012134075164795,0.0,BLUR,0731.png
245.26832493930124,1886.9662704467773,14.303298950195312,15.643430451853781,1.3660938580776154,3.5765245363229345,0.9999999985074628,82.6017074584961,5.067512035369873,0.0,UNDEREXPOSED,0731.png
7913.587774977088,54752.35945892334,103.19792556762695,87.67649204782435,0.7688562225751517,20.502660620749452,0.9999999996078431,68.3336181640625,7.026623249053955,0.0,OVEREXPOSED,0731.png
55478.67839569898,84981.40381622314,64.20021438598633,73.79384488404301,1.372370640405389,52.63428798607116,0.9999999996078431,69.33617401123047,6.815370559692383,0.0,NOISY,0731.png
1326.9625434580812,22219.12279510498,55.83527755737305,59.420884759178115,1.2724420170467332,9.663717153645692,0.9999999996078431,19.887157440185547,4.935240745544434,0.0,CORRUPTED,0731.png
3717.3374622905976,22803.51638031006,140.1618766784668,68.72888191511312,-0.5195983667285379,13.739401480125204,0.9999999995884774,76.14163589477539,7.7618513107299805,0.0,GOOD,0818.png
7.0145377011358505,2273.1780014038086,147.40864181518555,65.41011303695898,-0.4656803759587047,0.5306980211960014,0.9999999996078431,67.77371597290039,7.850559234619141,0.0,BLUR,0818.png
305.38933071713836,1864.4285583496094,39.7554817199707,19.62186048363651,-0.5194439494492498,3.9429105908431437,0.9999999985507247,76.15139389038086,5.98120641708374,0.0,UNDEREXPOSED,0818.png
6034.666325483413,34390.4045791626,219.59041595458984,70.97097348749539,-2.000784211994166,17.87492856044998,0.9999999996078431,35.88452911376953,3.4001896381378174,0.0,OVEREXPOSED,0818.png
11176.457063890162,31931.559951782227,146.68038177490234,71.50028454030091,-0.45721583742509503,23.313443521713918,0.9999999996078431,109.26169967651367,7.922667026519775,0.0,NOISY,0818.png
1434.767108707907,20939.22413635254,148.03351211547852,71.39112179147622,-0.48564158558112036,9.834988423718734,0.9999999996078431,42.26717758178711,5.319070339202881,0.0,CORRUPTED,0818.png
3189.2780394786387,16358.314498901367,103.95004653930664,50.591825899268855,0.26372698156091284,13.501145134419598,0.7928571425739795,38.53083801269531,7.310058116912842,0.0,GOOD,0233.png
100.2619515354163,1865.4403762817383,106.01671600341797,43.83931664630701,0.23886131173491676,2.8862423948978297,0.7131474100744433,32.63749313354492,7.310034275054932,0.0,BLUR,0233.png
218.47317038894107,1115.5473709106445,26.57571792602539,13.207968074814056,0.2534340767421213,3.537839438829981,0.8055555544367284,39.36032485961914,5.404120922088623,0.0,UNDEREXPOSED,0233.png
5690.7194310309715,27291.46844482422,203.74917602539062,62.523775562681514,-0.6897989925026975,18.31853199149881,0.550151975516671,25.944198608398438,4.735357284545898,0.0,OVEREXPOSED,0233.png
41776.79392079862,60759.216651916504,108.33205032348633,63.95733149110654,0.43563084367854543,45.862594469275386,0.9999999996078431,34.28804397583008,7.156166076660156,0.0,NOISY,0233.png
3016.349213563706,16804.03874206543,91.03038024902344,60.97945621098184,0.08406907872123583,12.971936006799933,0.9999999996078431,32.60554504394531,6.820501327514648,0.0,CORRUPTED,0233.png
1577.2435756681807,10092.02328491211,39.567222595214844,46.561260412868954,1.638523416541369,9.210324822561287,0.9999999995594714,198.78380584716797,6.580257892608643,0.0,GOOD,0037.png
39.14670465880772,1601.2495498657227,42.20536804199219,43.504987838759696,1.4611611236620725,1.7003555789089957,0.9999999995614035,186.349365234375,6.676599979400635,0.0,BLUR,0037.png
253.27625985065242,1612.4665908813477,15.576957702636719,18.577473617215368,1.644218112191666,3.6942709092666415,0.9999999988888889,199.0962142944336,5.25407600402832,0.0,UNDEREXPOSED,0037.png
4543.200020753647,28186.486328125,75.5865364074707,79.54372040946774,1.2277437824250386,15.715320911268993,0.9999999996078431,188.70559692382812,7.079743385314941,0.0,OVEREXPOSED,0037.png
15983.927668841323,25989.98787689209,53.486846923828125,50.083712143541774,1.4003541873296566,27.728420793245267,0.9999999996078431,207.67432403564453,7.161365985870361,0.0,NOISY,0037.png
247.84548793639988,1667.4768447875977,18.80042266845703,20.57081009515098,1.5816317497121075,3.5886978482316443,0.999999998989899,254.57490921020508,5.4845147132873535,0.0,CORRUPTED,0037.png
3234.309671269206,25081.730758666992,96.81096267700195,47.98535295391657,0.0359565752047202,14.361390272317571,0.9913043473950851,112.27739715576172,7.5168232917785645,0.0,GOOD,0867.png
15.66894756257534,3772.165298461914,101.00506973266602,40.88939533475642,0.06902339402198607,0.7736469930553841,0.916666666242284,103.99850082397461,7.347375869750977,0.0,BLUR,0867.png
141.22588162425382,1083.8315353393555,19.609386444091797,9.966845931445965,0.03270710600097053,3.0035152017903255,0.9999999978723404,115.78367614746094,5.252252578735352,0.0,UNDEREXPOSED,0867.png
8318.69630793389,62809.357650756836,188.02251815795898,71.0435260568239,-0.8017644138052306,23.107307407313716,0.9691119687377945,87.75642395019531,6.872893333435059,0.0,OVEREXPOSED,0867.png
10248.715930068633,33991.54872131348,101.20380783081055,52.16140062133099,0.09869217939693693,23.169925412811487,0.9999999996047431,148.23620223999023,7.675618648529053,0.0,NOISY,0867.png
1397.8585878462618,23913.698654174805,101.11515426635742,48.603320580458735,0.0827600671823645,10.348699340268878,0.9999999996078431,103.70853424072266,7.137592315673828,0.0,CORRUPTED,0867.png
7469.888809707814,26299.743171691895,102.03256607055664,53.031295712811065,0.28300786569249287,19.353457405201564,0.9999999996078431,77.72043228149414,7.701931953430176,0.0,GOOD,0549.png
144.01066599714977,2407.3330154418945,99.29948806762695,39.66607301423646,0.2063500064896232,3.5041736347979295,0.97499999959375,65.48500442504883,7.316073894500732,0.0,BLUR,0549.png
670.9193570613861,2359.5182876586914,30.18466567993164,15.870541827453723,0.28486994511422264,5.804572097460527,0.9999999987179488,79.16376495361328,5.965003967285156,0.0,UNDEREXPOSED,0549.png
15405.744068373868,50636.72671508789,194.41884994506836,71.23428416867516,-0.9466816506539018,28.24213609838094,0.9999999996078431,53.22921371459961,6.0516037940979,0.0,OVEREXPOSED,0549.png
35476.22578793063,56549.24909210205,101.44873428344727,61.03441009044017,0.5171110166540734,41.599429007573164,0.9999999996078431,71.51285934448242,7.539252281188965,0.0,NOISY,0549.png
1037.8182510869665,15332.019897460938,99.52760696411133,48.10574328930049,0.27739944977246883,8.659500569238995,0.9999999996078431,46.7984504699707,6.369575023651123,0.0,CORRUPTED,0549.png
3415.808040244956,11953.342315673828,85.04604721069336,42.10880170336602,0.38560904665755763,14.452596214228912,0.8189300408152551,93.34262466430664,7.047202110290527,0.0,GOOD,0175.png
264.81343050900614,3559.461868286133,88.62651824951172,39.29584298974422,0.35529484267565964,4.951410573715885,0.7499999996875,92.0494155883789,7.082406520843506,0.0,BLUR,0175.png
241.47284460975789,838.5512008666992,22.208087921142578,11.125681311841998,0.3928965561456746,3.845934070686086,0.8124999987304689,95.06155014038086,5.145139217376709,0.0,UNDEREXPOSED,0175.png
7672.957615531457,28262.60929107666,187.75763320922852,64.477588048896,-0.4010517953617946,21.77371598028872,0.6242038214572598,60.74858474731445,6.218214988708496,0.0,OVEREXPOSED,0175.png
45091.62690038087,60585.48873901367,92.9061164855957,60.13755069153534,0.9053326905717022,47.40093109659625,0.9999999996078431,82.37438583374023,6.928085803985596,0.0,NOISY,0175.png
3657.825568679006,13422.003273010254,70.37761306762695,49.454051316396715,0.34301277239238703,14.701118559081108,0.9999999995633188,78.75722122192383,6.5245866775512695,0.0,CORRUPTED,0175.png
15956.987944923785,41551.943855285645,60.46318054199219,50.75350859661884,1.1606800731224094,28.45953513936391,0.9999999995918367,101.31023788452148,7.249661922454834,0.0,GOOD,0370.png
6.401016077958047,1614.8021774291992,63.291107177734375,35.300892826117476,0.5345881699057146,0.5636838264301803,0.9739130430548204,95.84884643554688,7.072502136230469,0.0,BLUR,0370.png
793.4609824931249,2069.685501098633,12.982036590576172,11.337019072186441,1.1512057847258315,6.350827894860768,0.9999999981481481,105.50270462036133,5.093032360076904,0.0,UNDEREXPOSED,0370.png
34425.86030578776,90078.37071990967,105.6391372680664,77.75426672870991,0.6126595968528008,41.71374866741588,0.9999999996078431,94.69186019897461,7.6606316566467285,0.0,OVEREXPOSED,0370.png
51377.01306110706,81514.0523071289,68.4752311706543,64.58635316604641,1.3578752175954223,50.034252679465766,0.9999999996078431,91.50125503540039,7.191109657287598,0.0,NOISY,0370.png
2838.241419479469,24264.485206604004,63.29204559326172,45.70899341219649,0.819995793803729,13.6282016352085,0.9999999996078431,41.9569206237793,5.169533729553223,0.0,CORRUPTED,0370.png
18723.409518594326,72457.27184295654,129.5085792541504,69.962399348769,-0.20619171843021017,33.79290006317989,0.9920948612679468,130.87646484375,7.675081729888916,0.0,GOOD,0392.png
10.385294888110366,2921.1965408325195,130.89985275268555,50.96017261640263,-0.6673431111595788,0.5985173303305522,0.8645418323248838,122.38665771484375,7.449337005615234,0.0,BLUR,0392.png
2396.7890095583716,9269.0855178833,46.04438781738281,25.049044719409338,-0.2069928037180065,12.095253845293193,0.9999999988888889,131.43983459472656,6.270162582397461,0.0,UNDEREXPOSED,0392.png
19707.17187580367,70679.15788269043,201.94665908813477,75.46165940700476,-1.1638234893112875,35.743346079443896,0.9691119687377945,78.13967514038086,5.069547653198242,0.0,OVEREXPOSED,0392.png
39478.15403368969,92699.3473815918,130.81475067138672,74.5485750079342,-0.17601402040898423,46.398561340239084,0.9999999996078431,122.71164321899414,7.627155303955078,0.0,NOISY,0392.png
11571.59777611178,68730.60782623291,130.92172622680664,68.1067729371641,-0.18799632053269086,30.195350452716845,0.9763779523715048,132.09304428100586,7.592855930328369,0.0,CORRUPTED,0392.png
7353.024215655809,28587.077407836914,143.87750244140625,57.30569928032742,-0.4882312620953737,19.47309623362162,0.999999999593496,77.24169158935547,7.596080303192139,0.0,GOOD,0462.png
12.033958014508244,2541.3372955322266,137.86103057861328,46.767972025055194,-0.1236939722169174,0.8182668786919657,0.9729729725346968,74.87013626098633,7.344102382659912,0.0,BLUR,0462.png
153.31857299659168,593.1946868896484,20.09911346435547,8.180393270064815,-0.506787987068171,2.8197065880807717,0.9999999971428571,79.19910049438477,4.816135406494141,0.0,UNDEREXPOSED,0462.png
12432.22344572091,48974.702545166016,223.87039184570312,56.90827509883239,-2.090190290321406,26.63398539576284,0.9999999996078431,31.53622055053711,4.460817813873291,0.0,OVEREXPOSED,0462.png
40552.287467904156,63928.91298675537,136.8378028869629,65.0721648394321,-0.3916485429599616,44.860000326042304,0.9999999996078431,69.79165267944336,7.371536731719971,0.0,NOISY,0462.png
6351.256278386107,26820.26072692871,114.01834869384766,69.1048855409138,-0.4217290099588511,17.954202154678594,0.9999999995780591,65.86806106567383,6.9424147605896,0.0,CORRUPTED,0462.png
5495.725396170964,30987.163200378418,107.80756759643555,59.67783590632862,-0.01789183193968858,16.673832894257167,0.9999999996078431,41.198143005371094,7.77982234954834,0.0,GOOD,0681.png
109.69590147375129,3017.658836364746,107.79021835327148,47.05454102666168,0.11007772202032558,2.7794363378143703,0.9759036140659022,27.970733642578125,7.512976169586182,0.0,BLUR,0681.png
382.82795218260435,2148.620994567871,27.821151733398438,15.703299283599835,-0.01335721276607738,4.4070158992442225,0.9999999985074628,42.425655364990234,5.850124835968018,0.0,UNDEREXPOSED,0681.png
12158.470353464694,64640.370460510254,191.3532943725586,81.89144993110837,-0.9282806384442016,25.127829863971463,0.9999999996078431,31.143474578857422,5.22525691986084,0.0,OVEREXPOSED,0681.png
26137.049819960957,50922.009269714355,109.70931625366211,63.1330377762841,0.12923069559662043,35.63826413544952,0.9999999996078431,154.76374053955078,7.885279178619385,0.0,NOISY,0681.png
4080.6426382990176,22586.409980773926,94.68077850341797,66.93644327155485,0.00617525362053932,14.445425349795837,0.9999999996078431,32.40143585205078,7.142266750335693,0.0,CORRUPTED,0681.png
3039.8498980211443,15785.314643859863,125.83980178833008,55.46149901289491,-0.530024308030893,13.297746531207313,0.9999999996000001,82.22000885009766,7.334894180297852,0.0,GOOD,0720.png
60.018853294997825,1563.1607513427734,128.49885940551758,49.815608624111434,-0.41026914229386235,2.143920275817804,0.9489361698089633,74.7679328918457,7.16197395324707,0.0,BLUR,0720.png
190.63334092962032,982.720344543457,31.033432006835938,13.869202236164059,-0.5278339167869256,3.3308686328074555,0.9999999983870967,83.06023788452148,5.354616641998291,0.0,UNDEREXPOSED,0720.png
6946.196993367514,31339.56494140625,220.82212448120117,64.16017155519799,-1.8548892436425997,19.418875176473215,0.9844357972823207,30.015518188476562,3.9360015392303467,0.0,OVEREXPOSED,0720.png
13786.50130660865,27986.056671142578,128.5853385925293,59.160569535040544,-0.33674695713329816,26.085900457909148,0.9999999996078431,128.53766632080078,7.789941787719727,0.0,NOISY,0720.png
2427.396885553593,13478.31298828125,110.92518997192383,69.05106465254453,-0.4258596380958757,11.51290703635319,0.9999999996078431,67.22836303710938,6.685763835906982,0.0,CORRUPTED,0720.png
3209.5312738984207,18346.501640319824,135.5564842224121,80.6466198613884,-0.2231813303598011,12.6744197151128,0.9999999996078431,58.43244934082031,7.667623519897461,0.0,GOOD,0381.png
79.50133854312298,3432.966682434082,131.3736114501953,73.18923425600835,-0.12788355747852767,2.440693072052921,0.9759036140659022,54.926029205322266,7.634185314178467,0.0,BLUR,0381.png
271.35522809227405,1544.5586700439453,38.82039260864258,23.34923570065716,-0.2264597809533932,3.687364627440763,0.9999999986842106,59.480194091796875,5.923253059387207,0.0,UNDEREXPOSED,0381.png
6856.905499038985,36252.03965759277,191.33037948608398,86.1341581045652,-0.9453049605762398,18.788857275743922,0.9999999996078431,27.169082641601562,4.986598968505859,0.0,OVEREXPOSED,0381.png
20391.054195403914,35542.34754180908,131.0455436706543,76.16186290505472,-0.15065169062787073,31.245330809812884,0.9999999996078431,143.1659164428711,7.96630334854126,0.0,NOISY,0381.png
524.1673118788167,3046.908645629883,52.608036041259766,30.954718978564706,-0.13897829888660895,5.1251122677475225,0.9999999990476192,254.99805450439453,6.391296863555908,0.0,CORRUPTED,0381.png
8079.2094567408785,36572.620513916016,166.28551864624023,60.01977342893593,-0.6471186836604326,24.247751541846256,0.9844357972823207,68.97982025146484,7.505590915679932,0.0,GOOD,0149.png
2.644672373877256,810.5627746582031,160.2971076965332,44.96427664141343,-0.22723881812819435,0.25597634555423654,0.7021276593254866,65.01408767700195,7.260967254638672,0.0,BLUR,0149.png
589.727826987335,2663.7705993652344,44.448829650878906,16.1897882561196,-0.6443878627674311,6.552736706451699,0.9999999985714286,69.75175857543945,5.63263463973999,0.0,UNDEREXPOSED,0149.png
7485.935134749726,28937.765167236328,234.43009185791016,42.64618167145673,-2.4308973122833897,23.63407128615507,0.961538461168639,35.062129974365234,3.7954256534576416,0.0,OVEREXPOSED,0149.png
14453.24697104956,41500.44108581543,159.33671188354492,59.93034771843599,-0.5787974845867165,29.261817571626608,0.9999999996078431,98.95462417602539,7.738249778747559,0.0,NOISY,0149.png
7501.34388092882,37577.09461975098,129.06218338012695,77.2254905793459,-0.4185027986782288,22.909356914775895,0.9999999996047431,63.659488677978516,6.996462821960449,0.0,CORRUPTED,0149.png
1662.0540605871793,7087.769683837891,78.98122024536133,59.20175229866252,0.8453095046293168,9.541677424837305,0.9999999995983936,147.04686737060547,7.231312274932861,0.0,GOOD,0365.png
29.520786035674973,832.1557846069336,79.00088119506836,55.80524183955395,0.889048936832615,1.5439215679485372,0.9915966382388249,141.7471809387207,7.240880966186523,0.0,BLUR,0365.png
116.82955141965067,493.56273651123047,20.36123275756836,15.614409748983988,0.8543556475167057,2.535002708696067,0.9999999984615385,150.96508026123047,5.305675506591797,0.0,UNDEREXPOSED,0365.png
6864.419632937526,23131.785133361816,148.1829605102539,81.5621903535192,-0.30525683731530784,19.692364588464905,0.9999999996078431,135.90710067749023,6.7338762283325195,0.0,OVEREXPOSED,0365.png
11560.328893053094,18135.177726745605,82.64104080200195,59.869826801688205,0.8052063921895863,23.60775473558574,0.9999999996078431,186.25474548339844,7.651390075683594,0.0,NOISY,0365.png
1228.6094107515528,5856.12467956543,74.69068908691406,62.74685283638036,0.7393074502473123,8.070100008460587,0.9999999995983936,129.54862213134766,6.685250282287598,0.0,CORRUPTED,0365.png
11920.531676507071,76422.5319519043,119.09123611450195,76.87125837709755,0.481116275140851,32.66139553461499,0.8478260866493383,82.24185562133789,6.730984210968018,0.0,GOOD,0638.png
27.484397171007004,5089.66552734375,118.75460052490234,61.626313834332024,0.5165275630768542,1.1623850165909322,0.6989966552846164,93.3139877319336,7.238030433654785,0.0,BLUR,0638.png
429.85894624510547,2748.6652755737305,22.176223754882812,14.585336376965415,0.48082504964163275,6.1910033440123895,0.8461538445266272,82.81632614135742,4.573241233825684,0.0,UNDEREXPOSED,0638.png
9148.300002828106,53772.179916381836,181.52472686767578,64.03484134372474,0.015507657261819421,27.20771816229177,0.6776315787244632,69.11933898925781,5.103693008422852,0.0,OVEREXPOSED,0638.png
17101.360364392844,79811.62672424316,117.47378158569336,76.74174986495917,0.42037986644229935,35.20018705507295,0.9999999996078431,135.8456916809082,7.731632232666016,0.0,NOISY,0638.png
10070.982145237718,65175.24903869629,101.2642822265625,83.05354963584757,0.5214117824607213,30.02668191067222,0.9999999996078431,68.3145866394043,6.31085205078125,0.0,CORRUPTED,0638.png
1962.4121731606863,20123.16721343994,103.68252563476562,68.84244773387127,0.2173030836820786,10.297439409513771,0.9999999996078431,73.72306442260742,7.8518829345703125,0.0,GOOD,0050.png
383.6462110736029,6492.921203613281,100.4943733215332,61.069304125639135,0.2500185475140074,5.627192709551583,0.9999999996078431,69.62556076049805,7.8032307624816895,0.0,BLUR,0050.png
37.22390244061535,365.7970733642578,13.451751708984375,9.283443257157302,0.2323087318163441,1.4302510905956565,0.9999999971428571,74.89247131347656,4.990837097167969,0.0,UNDEREXPOSED,0050.png
4784.663564715011,44651.57880401611,179.3017692565918,89.08175022693068,-0.7542487143833723,16.234095310007252,0.9999999996078431,51.327903747558594,5.773531913757324,0.0,OVEREXPOSED,0050.png
7995.145783217026,25034.363067626953,101.25690460205078,66.54459321487992,0.2666486491226979,19.786882767949358,0.9999999996078431,132.20458221435547,7.873279571533203,0.0,NOISY,0050.png
979.6832749507012,18101.485649108887,100.2494010925293,66.68712622028403,0.227461472388796,8.204049634031787,0.9999999996078431,34.57835388183594,6.083304405212402,0.0,CORRUPTED,0050.png
2576.2848317276075,16736.10154724121,124.5184555053711,55.04988480892014,0.17299489662818715,12.009806200426857,0.9844357972823207,67.53937149047852,7.747677803039551,0.0,GOOD,0694.png
3.154357758758124,862.3299789428711,123.66009521484375,47.769651238868406,0.39297057386120926,0.31669822695417577,0.9003831414174777,56.47890090942383,7.524272918701172,0.0,BLUR,0694.png
139.04042051540455,890.2918853759766,28.269275665283203,12.66847269501876,0.170411096398637,2.7952074482146285,0.9999999983050847,69.29838943481445,5.6326093673706055,0.0,UNDEREXPOSED,0694.png
4207.982910113817,29723.320266723633,225.86881256103516,51.07232730065923,-1.874321571156386,15.35347276043114,0.961538461168639,40.727455139160156,4.141153335571289,0.0,OVEREXPOSED,0694.png
8735.1244455329,23426.77075958252,123.08037567138672,56.34599286988515,0.12675694605112656,20.857991114126417,0.9999999996078431,107.98258209228516,7.806097507476807,0.0,NOISY,0694.png
698.1467264079838,11968.817138671875,123.76877975463867,53.37987944648553,0.17863917859259873,6.6733032196067015,0.9999999996078431,27.495262145996094,5.520620346069336,0.0,CORRUPTED,0694.png
3373.570679302429,12695.532691955566,120.19342422485352,42.201266354940074,0.06877425802502914,13.55658876894574,0.9754098356658156,102.19590377807617,7.421758651733398,0.0,GOOD,0335.png
2.3326835337647935,481.3638610839844,123.48975372314453,35.77216438867561,0.06380466732438986,0.24079672387732057,0.8448979588388171,97.87096786499023,7.173867225646973,0.0,BLUR,0335.png
229.25182425380626,857.6424560546875,30.817031860351562,10.949392619972095,0.06833329810834349,3.5395416247819176,0.9999999983870967,103.6008415222168,5.476236343383789,0.0,UNDEREXPOSED,0335.png
6230.188470119378,23114.734504699707,204.8363265991211,52.806556698749034,-0.9584088029649671,18.59606872453357,0.954022988140221,85.1169548034668,6.636169910430908,0.0,OVEREXPOSED,0335.png
35946.32483755215,50364.37481689453,123.91962814331055,56.420778812324215,0.11152065382734798,42.03416132925986,0.9999999996078431,92.35280227661133,7.304831504821777,0.0,NOISY,0335.png
606.134700684328,9569.993728637695,123.543701171875,41.753489610461735,0.07187220578142473,6.649237587313576,0.9767441856679285,101.63663101196289,7.092594146728516,0.0,CORRUPTED,0335.png
1954.4389656002022,12452.433128356934,80.53006362915039,43.69479292081103,-0.08470136792586032,9.006917051610555,0.9999999995850622,197.53710556030273,7.324925422668457,0.0,GOOD,0616.png
3.3723029711836716,1222.6917572021484,84.51546096801758,37.510374507753,-0.23901272067779802,0.2778111602506312,0.9999999994505495,192.10445022583008,7.185673236846924,0.0,BLUR,0616.png
85.66557274758816,534.00341796875,16.283809661865234,9.01493102259742,-0.0724093573261371,1.9031664364421073,0.999999998,197.9332275390625,5.072671890258789,0.0,UNDEREXPOSED,0616.png
4100.465711465513,29359.134063720703,146.7796516418457,70.53589476625919,-0.6223223294605753,11.981439808835798,0.9999999996078431,190.12243270874023,7.7484540939331055,0.0,OVEREXPOSED,0616.png
22399.025523133554,36600.69522857666,86.68652725219727,53.79887358953841,0.5434201714148029,32.84428222503074,0.9999999996078431,186.8663444519043,7.327071189880371,0.0,NOISY,0616.png
1882.0051986344479,12769.319831848145,69.78950881958008,51.37805576219909,0.06288220409091153,8.767639749930558,0.9999999995967742,165.885498046875,6.780093669891357,0.0,CORRUPTED,0616.png
17937.105330987306,22804.372955322266,160.14153671264648,45.132882127286805,-0.25572442861913375,30.870817780052153,0.9999999996078431,100.99821090698242,7.073673248291016,0.0,GOOD,0562.png
5.842494937693118,824.0750427246094,159.15651321411133,32.41986612630817,0.18647855851875006,0.48450983312224183,0.6344827584019025,99.58781051635742,6.865442752838135,0.0,BLUR,0562.png
887.1809216588736,1129.1259002685547,35.22723388671875,10.024171632677247,-0.26104895809493117,6.868375106431168,0.999999998245614,102.02526092529297,4.920080184936523,0.0,UNDEREXPOSED,0562.png
13843.197707798667,16396.81996154785,239.86293411254883,32.532185629434665,-4.29300631559073,28.591715135494052,0.9999999996078431,32.233612060546875,4.188745021820068,0.0,OVEREXPOSED,0562.png
34667.38443315116,42599.61380767822,156.47400283813477,51.33033295100902,-0.3031285731334853,41.04601944047616,0.9999999996078431,134.07785034179688,7.65527868270874,0.0,NOISY,0562.png
13756.020625788933,17626.882690429688,137.25653839111328,40.645203143529585,-0.09152268838924783,27.0194615459228,0.9999999995575222,254.99513626098633,6.92061185836792,0.0,CORRUPTED,0562.png
7604.7828626883975,31460.267150878906,127.67520904541016,58.2556724127161,-0.5539503346718957,20.870589101943736,0.9999999996078431,107.72098922729492,7.4987101554870605,0.0,GOOD,0317.png
13.279509915970266,2732.8524017333984,125.92931747436523,48.602010173727415,-0.5099636572217513,0.8190796755989632,0.9478260865444235,100.11182403564453,7.319025993347168,0.0,BLUR,0317.png
203.79724995185097,837.1745147705078,20.277053833007812,9.465048518435102,-0.5605285027061061,3.420840081483587,0.9999999976190476,110.73998260498047,4.88411808013916,0.0,UNDEREXPOSED,0317.png
14391.528400146617,56232.11923980713,203.22786712646484,72.15182066739916,-1.15323626357732,29.256809168009013,0.9999999996078431,57.77123260498047,5.270868301391602,0.0,OVEREXPOSED,0317.png
24484.873517210224,47787.90181732178,126.18716049194336,61.170508057418864,-0.27727098128586064,34.925327668753944,0.9999999996078431,153.63367462158203,7.837490081787109,0.0,NOISY,0317.png
6862.404564008117,30541.157806396484,100.87998962402344,69.01707287285447,-0.1716151983970093,19.676658749511095,0.9999999996078431,91.01633071899414,6.98919677734375,0.0,CORRUPTED,0317.png
6250.1062576395925,33928.2389755249,103.03709030151367,71.52535300812043,0.495971331873706,18.606280081040133,0.9101123592096957,78.14690017700195,7.54617166519165,0.0,GOOD,0500.png
365.57975227566203,8126.176399230957,99.95639038085938,60.687207126553744,0.4442076300426717,5.279245539318427,0.8467432946947343,72.60889434814453,7.575798988342285,0.0,BLUR,0500.png
513.6621013012336,2776.806968688965,29.10980224609375,20.4354763559355,0.4994215454213214,5.337704617183042,0.9220779208804184,78.87112045288086,5.7352094650268555,0.0,UNDEREXPOSED,0500.png
6601.500236690144,38297.77576446533,182.74266815185547,75.52785182616222,-0.4032305816788259,19.358743210101803,0.758620689393579,55.36528778076172,5.473636150360107,0.0,OVEREXPOSED,0500.png
12617.5620594637,38621.51991271973,100.2402229309082,69.94058745553856,0.4693234330883008,25.326848928802285,0.9999999996078431,144.65880584716797,7.84276008605957,0.0,NOISY,0500.png
1017.6554640894756,5541.773643493652,43.58907699584961,28.301802003127992,0.33976918876856,7.5445355947811,0.9809523800181407,255.0,6.328108310699463,0.0,CORRUPTED,0500.png
14606.541124514304,45971.44246673584,100.72726058959961,59.74177184811436,0.7483882932132712,27.513335913934775,0.976284584594354,93.311279296875,7.709376335144043,0.0,GOOD,0671.png
336.11298619907757,5131.978202819824,103.01897048950195,42.60470342414722,0.30560220359177975,5.41944038315327,0.9389312973515529,77.6488037109375,7.416905403137207,0.0,BLUR,0671.png
230.38748504401883,720.8567733764648,12.120067596435547,7.480295330990543,0.7477213246449457,3.4628282462927067,0.9999999967741935,98.29803848266602,4.7228779792785645,0.0,UNDEREXPOSED,0671.png
13364.258950511674,39911.337898254395,201.31398391723633,63.37269149571828,-0.9495008781830682,26.714163829983782,0.9101123592096957,67.40365982055664,6.037518501281738,0.0,OVEREXPOSED,0671.png
51767.89002303673,86262.43212890625,105.39409255981445,70.61151695686104,0.6661112469948088,50.530573778032874,0.9999999996078431,83.38592147827148,7.5261406898498535,0.0,NOISY,0671.png
2660.9759017800534,8334.420692443848,38.7323112487793,24.810826817539173,0.874158671142608,11.776318476102622,0.9811320745461019,255.0,6.398407459259033,0.0,CORRUPTED,0671.png
1961.9942340813577,16314.59464263916,113.44274520874023,52.49003894087302,0.5850664019538345,12.751026255939495,0.9919999996032001,147.84294891357422,7.592320442199707,0.0,GOOD,0483.png
2.340270979271736,636.9827728271484,116.54410552978516,46.949124012692465,0.5980893168277388,0.20739588910899837,0.8819188188627605,142.55273056030273,7.464226722717285,0.0,BLUR,0483.png
78.83837616979145,645.1043548583984,22.057762145996094,10.425812966386644,0.5934580992243329,2.5543386060772617,0.9999999979591837,150.63824081420898,5.291102409362793,0.0,UNDEREXPOSED,0483.png
2295.183160172644,17531.758422851562,219.18241500854492,46.86720296875015,-1.5316082267027546,13.436300000661022,0.954022988140221,102.936279296875,5.792632102966309,0.0,OVEREXPOSED,0483.png
33639.715696121435,52386.683197021484,117.60786056518555,63.36625000758889,0.461377190654575,41.56404752231995,0.9999999996078431,134.67655563354492,7.439006805419922,0.0,NOISY,0483.png
307.6224513787165,2525.4555435180664,51.66331100463867,20.553699453023462,0.4138929159852219,5.046828462569516,0.9811320745461019,255.0,6.295713424682617,0.0,CORRUPTED,0483.png
2840.918682966017,15386.576599121094,146.15874862670898,49.86549882287583,-0.9289728336031849,14.865068815115237,0.9999999996015937,70.51296997070312,7.32470178604126,0.0,GOOD,0222.png
167.30517085570318,2928.433952331543,148.63372802734375,45.57448567924268,-0.8945949279734366,3.473383841760842,0.9163498095375096,66.09931945800781,7.227425575256348,0.0,BLUR,0222.png
61.12775210378459,324.59886169433594,20.659709930419922,7.195834010100444,-0.9382728852027867,2.17999648390678,0.9999999972222222,72.64151382446289,4.525735855102539,0.0,UNDEREXPOSED,0222.png
3336.919658927014,19867.23309326172,238.27267456054688,44.044647505700546,-2.8326524122448697,16.522754278862852,0.9767441856679285,15.627273559570312,2.495986223220825,0.0,OVEREXPOSED,0222.png
18530.879480700707,33169.71838378906,147.57836151123047,55.808027450851576,-0.6046620233092262,30.826363228925604,0.9999999996078431,121.53156280517578,7.727046489715576,0.0,NOISY,0222.png
1399.3291656821966,7384.1772384643555,108.41982650756836,37.334870959266695,-0.9428392351544927,10.47727955248489,0.9888888883395062,255.0,6.786864757537842,0.0,CORRUPTED,0222.png
4807.587867135633,43299.07530212402,103.26750564575195,65.9869078790537,0.21919629655363207,16.050671232133627,0.9999999996078431,129.34662628173828,7.8268280029296875,0.0,GOOD,0248.png
5.746348868458881,2737.385841369629,102.03142166137695,48.46818010615302,0.18146786473327123,0.4398578490754188,0.999999999579832,98.47843933105469,7.593433380126953,0.0,BLUR,0248.png
123.42071955255233,1094.3914413452148,16.012828826904297,10.48176332633288,0.2323615442071637,2.577869246493881,0.9999999975609756,128.51465225219727,5.201674938201904,0.0,UNDEREXPOSED,0248.png
9378.358454947767,77709.20462036133,162.57660293579102,84.51965527195743,-0.5096745559528781,22.81200017391177,0.9999999996078431,110.2492790222168,7.00639533996582,0.0,OVEREXPOSED,0248.png
47785.968330986565,86501.09882354736,104.63186645507812,74.73659202840501,0.3433885691127885,48.72650655716446,0.9999999996078431,115.12466812133789,7.498771667480469,0.0,NOISY,0248.png
4057.660355685046,36718.58752441406,82.98773193359375,68.80362550769289,0.4026157483479092,14.634924456185521,0.9999999996078431,106.2471694946289,7.08823299407959,0.0,CORRUPTED,0248.png
319.40911865234375,4304.897018432617,32.24848556518555,43.788805983841854,2.8015138140066083,2.551786856035167,0.9227467807198512,9.894691467285156,2.162156343460083,0.0,GOOD,0843.png
5.944450378417969,515.8180084228516,31.921165466308594,38.512079142643636,2.556819966439871,0.5010239343921298,0.8596491224299785,8.578304290771484,2.364499568939209,0.0,BLUR,0843.png
28.74250030517578,383.4937744140625,8.929054260253906,13.183003249381503,2.7882018168443152,0.7765820040723442,0.9411764692041523,10.122852325439453,1.8253487348556519,0.0,UNDEREXPOSED,0843.png
656.0913391113281,8204.81948852539,53.90559005737305,64.09585481378916,2.501598487889373,3.4789494224347717,0.8819188188627605,8.690547943115234,1.9142214059829712,0.0,OVEREXPOSED,0843.png
53649.43750098219,66947.87048339844,41.644554138183594,64.34964622588491,2.4013105068399754,51.76297135290674,0.9999999996078431,8.822158813476562,2.5123956203460693,0.0,NOISY,0843.png
191.80001068115234,3052.494415283203,25.421443939208984,39.37484481030305,3.2193479428835197,1.996118297150108,0.9999999995412844,6.432918548583984,2.17314076423645,0.0,CORRUPTED,0843.png
3655.030391268374,15472.977088928223,150.5040397644043,69.50547394970609,-0.4071802432796185,13.918533173504361,0.999999999593496,104.77301406860352,7.593977928161621,0.0,GOOD,0589.png
174.0970058957464,4216.596794128418,155.40932083129883,67.47188260728736,-0.3359655839776892,3.4016860807685463,0.8951310858070669,101.42129516601562,7.479754447937012,0.0,BLUR,0589.png
219.293239489416,922.5174331665039,36.322776794433594,16.95270473137943,-0.40851008457822835,3.415447259254473,0.9999999983333333,106.30030822753906,5.561406135559082,0.0,UNDEREXPOSED,0589.png
7737.389240052027,22414.103607177734,223.29087448120117,48.64497571329716,-1.8129540034870741,20.733810080676186,0.9844357972823207,74.83259582519531,5.086465358734131,0.0,OVEREXPOSED,0589.png
16461.42432455247,30129.15690612793,152.57600021362305,71.72490212902159,-0.4117660386679957,28.316086584284026,0.9999999996078431,142.76704788208008,7.878258228302002,0.0,NOISY,0589.png
720.0449721550103,11677.169937133789,155.28838348388672,70.19951857011547,-0.37549032063067567,7.160910579717562,0.9999999996078431,89.62123489379883,4.919048309326172,0.0,CORRUPTED,0589.png
1956.199650850147,20453.72869873047,62.25569152832031,77.56090036833217,0.9196875160723917,8.22301273133066,0.9841897229311504,187.96187591552734,6.139956951141357,0.0,GOOD,0633.png
12.5294948759838,2571.7730255126953,61.176387786865234,72.19179074978946,0.8776759934400765,0.7395707373363832,0.9833333329236111,179.5452003479004,6.316242218017578,0.0,BLUR,0633.png
200.70399193372577,2083.644462585449,19.445423126220703,24.800736426268852,0.9180092150468395,2.64281190015597,0.9999999987500001,191.15861129760742,4.6016082763671875,0.0,UNDEREXPOSED,0633.png
3273.234523682374,33412.015129089355,100.98467636108398,106.73283979877304,0.6601582027289462,10.131059736002847,0.9691119687377945,171.66878128051758,5.290475845336914,0.0,OVEREXPOSED,0633.png
13730.635700610681,30971.864891052246,70.46179580688477,71.96705534370517,0.913059684475776,25.40082859358621,0.9999999996078431,188.71531295776367,7.342133045196533,0.0,NOISY,0633.png
1514.5421585561126,15874.100387573242,55.64771270751953,76.10562203523534,1.0370178719409102,6.9336277691877966,0.999999999593496,154.64622116088867,5.824792385101318,0.0,CORRUPTED,0633.png
3521.2322378889075,17452.430694580078,45.94121170043945,46.18931858941457,1.962201730653688,11.852601788116452,0.9999999995967742,88.03937911987305,6.890572547912598,0.0,GOOD,0490.png
5.690311306025251,1829.4343185424805,47.56180953979492,39.13999083837221,1.7230159921571295,0.44558860951528173,0.9840637446278631,80.06977081298828,6.866820335388184,0.0,BLUR,0490.png
270.5271109382011,1333.6045608520508,12.384716033935547,12.741234852407349,1.974589173246343,3.2943569075198056,0.9999999985294119,89.81536865234375,5.037876129150391,0.0,UNDEREXPOSED,0490.png
7754.24681014329,36370.207443237305,81.1660385131836,68.28142304932828,1.1350983706195839,17.738267742329732,0.9999999996078431,83.21858596801758,7.351226806640625,0.0,OVEREXPOSED,0490.png
50612.43537388742,71917.7403793335,55.54721450805664,64.74628869768308,1.9301741708801496,49.831031415075536,0.9999999996078431,75.78376388549805,6.79154634475708,0.0,NOISY,0490.png
1151.8314087949693,14867.079879760742,46.80667495727539,46.41972318785185,1.8554184372713356,8.41377476302343,0.9999999996078431,17.655773162841797,3.6039369106292725,0.0,CORRUPTED,0490.png
715.1374912789179,6955.936195373535,125.7767562866211,71.80659510602769,0.0428012743892756,5.668419347885105,0.9999999995689656,52.58011245727539,7.450719356536865,0.0,GOOD,0532.png
48.32143006937986,2003.789077758789,132.49424362182617,72.88375648285158,0.11474685901067948,1.5639466500614139,0.9999999995762712,48.0059700012207,7.510956764221191,0.0,BLUR,0532.png
38.26723854766169,359.7448043823242,28.110576629638672,16.24572929194595,0.04117694293508065,1.326315035852006,0.9999999980769231,53.459503173828125,5.353797435760498,0.0,UNDEREXPOSED,0532.png
2328.341883496483,19133.157318115234,203.1862335205078,71.27371956253556,-1.1790022206678523,10.377747623770029,0.9999999996078431,38.00638198852539,5.0487470626831055,0.0,OVEREXPOSED,0532.png
8927.612379038806,16804.768379211426,131.6668701171875,75.59863301897154,0.04467074798920083,20.56923693071792,0.9999999996078431,113.43597030639648,7.926919937133789,0.0,NOISY,0532.png
371.9847257696092,6526.386489868164,131.47859573364258,74.35376760588136,0.04378651823802472,4.608032335877945,0.9999999996078431,9.46768569946289,3.6250829696655273,0.0,CORRUPTED,0532.png
3179.4058337823803,13899.132781982422,138.03713989257812,62.05564224466548,-0.36095655695192436,12.989696354491159,0.9999999995918367,49.07203674316406,7.726593971252441,0.0,GOOD,0805.png
2.414375147782266,886.2184600830078,143.88629150390625,58.25666812098492,-0.32047367073520877,0.22932345853185665,0.9999999996078431,44.77283477783203,7.807185649871826,0.0,BLUR,0805.png
550.5844154113292,2398.8391723632812,56.97478103637695,25.752457753445302,-0.35906588783088794,5.407091458815226,0.999999999009901,49.169063568115234,6.490667343139648,0.0,UNDEREXPOSED,0805.png
4132.722315121543,18968.832901000977,228.74806594848633,62.3664135275009,-2.582541981541466,15.231010993812928,0.9999999996078431,25.761737823486328,2.992469549179077,0.0,OVEREXPOSED,0805.png
21013.87373130716,34195.606536865234,142.41605377197266,65.73179846446904,-0.28254016593774167,31.87680278044644,0.9999999996078431,124.51692962646484,7.920343399047852,0.0,NOISY,0805.png
768.3243310839025,11520.233352661133,143.97906875610352,63.327660033293924,-0.37138485791814996,7.469763013786839,0.9999999996078431,33.53055953979492,7.277463436126709,0.0,CORRUPTED,0805.png
3257.3536574633326,16096.541145324707,125.06961441040039,49.927326206140485,0.24557775636286389,13.709314561928634,0.9844357972823207,50.14008331298828,7.594628810882568,0.0,GOOD,0865.png
4.61524701770395,1357.0060119628906,120.55966186523438,41.82343047359937,0.2544592394699364,0.4204100695774995,0.8931297706514771,47.60708236694336,7.327754020690918,0.0,BLUR,0865.png
189.60302902384137,928.9224472045898,29.556533813476562,11.943763913976893,0.2421417690260714,3.313020277852699,0.9999999984126984,51.01450729370117,5.540964603424072,0.0,UNDEREXPOSED,0865.png
5489.953857932007,22101.808563232422,220.22753143310547,49.625945369455515,-1.3007411153852637,18.02416654912995,0.9691119687377945,19.31618881225586,4.799070358276367,0.0,OVEREXPOSED,0865.png
9666.114266206918,22655.432334899902,120.0282096862793,51.044965122085436,0.19481077019003296,22.07850203221978,0.9999999996078431,104.0921630859375,7.680603981018066,0.0,NOISY,0865.png
713.438407895097,11678.368103027344,120.6563606262207,46.74385531977264,0.27819261243146565,7.460932328125025,0.9999999996078431,36.51184844970703,6.542986869812012,0.0,CORRUPTED,0865.png
1289.0947904214117,16716.195236206055,122.17402648925781,71.6848505599545,0.268491583301449,7.798801995745818,0.827956988950553,104.56469345092773,7.565598487854004,0.0,GOOD,0242.png
26.689377124828752,2736.684036254883,119.60346603393555,58.20149594284411,0.5132366820911629,1.2139609581442712,0.78260869536862,103.87384033203125,7.633295059204102,0.0,BLUR,0242.png
65.36068583931774,824.5413055419922,26.713401794433594,15.900720126178754,0.26935910874698116,1.7653883438717628,0.8387096760665973,106.32948303222656,5.5030293464660645,0.0,UNDEREXPOSED,0242.png
1964.469829068621,23694.207527160645,195.59133911132812,68.26186636519263,-0.6658480580158329,9.119962031900043,0.6242038214572598,76.16485214233398,5.2717437744140625,0.0,OVEREXPOSED,0242.png
11719.23825443185,27428.18904876709,119.53458023071289,70.7863089877451,0.21861696630984578,23.563581979766372,0.9999999996078431,142.95772171020508,7.948203086853027,0.0,NOISY,0242.png
1024.3143147974624,14119.28726196289,102.53482055664062,78.73684142020554,0.31032367221064444,6.587109053428948,0.9999999996031746,85.16168975830078,6.971317291259766,0.0,CORRUPTED,0242.png
608.2155645004095,3012.921745300293,133.83411026000977,36.18222228535057,-0.6193982335761827,5.379500443841501,0.9844357972823207,125.54509735107422,6.93102502822876,0.0,GOOD,0781.png
11.3466491670697,326.9257507324219,132.1341209411621,32.42831411031497,-0.5202005617084536,0.9910893967062424,0.9506172835594168,121.76250457763672,6.733921051025391,0.0,BLUR,0781.png
26.854438779642805,124.98516845703125,26.540225982666016,7.308567604857444,-0.6134452832562595,1.1561269072323321,0.9999999980392157,127.21723937988281,4.649778366088867,0.0,UNDEREXPOSED,0781.png
1021.6417160024866,4790.804542541504,236.29433059692383,36.8928259915466,-3.616065979487222,7.146463290390862,0.954022988140221,36.687782287597656,4.622543811798096,0.0,OVEREXPOSED,0781.png
7339.091649988433,10888.817321777344,131.6866569519043,39.60694299042848,-0.40148194409667737,18.615093829692288,0.9999999996078431,134.83790969848633,7.310388088226318,0.0,NOISY,0781.png
147.75222014071187,552.3503036499023,49.562191009521484,13.710108106253964,0.19058164197752897,2.705215051970808,0.9809523800181407,255.0,5.60767126083374,0.0,CORRUPTED,0781.png
2348.728389168493,19312.718727111816,103.52078628540039,62.471210432748784,0.18101091853348186,10.83731455920706,0.9999999996000001,138.97340774536133,7.795902252197266,0.0,GOOD,0596.png
23.241984148917254,1059.1913375854492,103.02533721923828,53.08077899127641,0.2670246387827389,1.2799810312545572,0.9999999995495495,134.28290557861328,7.65658712387085,0.0,BLUR,0596.png
311.43341582774883,2549.5252990722656,37.23686981201172,22.678859593844525,0.17917278336653186,3.9528793041319137,0.9999999989010989,139.9178352355957,6.34042501449585,0.0,UNDEREXPOSED,0596.png
5221.787282259611,37332.87781524658,195.06884002685547,77.24981041827287,-1.133195128011901,16.881110338084014,0.9999999996078431,95.83734893798828,6.143671989440918,0.0,OVEREXPOSED,0596.png
22547.75827059101,40184.198181152344,105.25221252441406,64.29294563137343,0.26068540883724123,32.907848719650644,0.9999999996078431,177.64872360229492,7.88174295425415,0.0,NOISY,0596.png
1998.711382768117,17238.156578063965,85.5077018737793,69.05434407402008,0.3622867216627951,9.766384041371717,0.9999999995983936,114.80286407470703,7.121163368225098,0.0,CORRUPTED,0596.png
2238.8085476548877,12187.566719055176,68.04582595825195,53.821494897828416,0.9273629354965733,11.526286979132067,0.9999999995614035,100.72000885009766,7.329671859741211,0.0,GOOD,0811.png
2.5571784969506552,577.0234909057617,71.94552612304688,51.72223630330001,0.9598034951761959,0.2639332239615244,0.9722222217721194,94.88399124145508,7.195886611938477,0.0,BLUR,0811.png
276.7271078965714,1499.4909973144531,23.64605712890625,18.857623635945714,0.9284147676869162,4.056909148145042,0.9999999987500001,101.67667388916016,5.81961727142334,0.0,UNDEREXPOSED,0811.png
6114.223341620527,30967.365562438965,119.09186935424805,81.89952138382095,0.4876416606873238,18.930248500507716,0.9999999996078431,97.58081817626953,7.222652435302734,0.0,OVEREXPOSED,0811.png
16528.57541736588,28560.63348388672,75.97335052490234,58.74668945811659,0.8485472760334029,28.496895994566547,0.9999999996078431,186.2593116760254,7.602719306945801,0.0,NOISY,0811.png
650.4310404667049,10534.824676513672,71.91801071166992,55.70729649158514,0.9453684582438308,7.033707862243548,0.9999999996078431,73.14773941040039,6.964982986450195,0.0,CORRUPTED,0811.png
1688.3406907414173,9137.549674987793,139.25849151611328,60.03113504974893,-0.7501536758673175,9.456103043960475,0.9826086952249528,93.65053939819336,7.555927753448486,0.0,GOOD,0153.png
2.836604757569148,953.5354461669922,144.81303024291992,57.96265633282227,-0.8772034385987376,0.23207327200494265,0.9661016945058891,88.83662796020508,7.488260746002197,0.0,BLUR,0153.png
232.82336151687196,1253.1460189819336,51.25987243652344,22.20492397809296,-0.7490444058492853,3.517721505427688,0.9764705870865052,94.55541229248047,6.12296199798584,0.0,UNDEREXPOSED,0153.png
1628.0203632551566,10313.9130859375,210.27820205688477,71.96920695395443,-1.4651069551975784,9.157800787581166,0.961538461168639,57.89094161987305,4.837681770324707,0.0,OVEREXPOSED,0153.png
14070.891972518468,23949.492820739746,144.30388641357422,64.18945047449438,-0.5474086980692768,26.047592164828696,0.9999999996078431,126.27117156982422,7.842329025268555,0.0,NOISY,0153.png
1863.949281979454,11681.804573059082,120.28145599365234,76.88401718261365,-0.3927077500064618,9.397114347082393,0.9999999995780591,80.85631561279297,7.05312967300415,0.0,CORRUPTED,0153.png
411.0406213844981,5274.377647399902,111.32095336914062,46.608528409008926,0.5266911873754054,4.932649174402668,0.9999999996078431,108.06725311279297,7.487141132354736,0.0,GOOD,0696.png
4.960127021884546,1208.179931640625,111.10052490234375,44.43442474187631,0.5440319437442642,0.40482558523353657,0.9066147856394494,106.61954116821289,7.416548728942871,0.0,BLUR,0696.png
11.51274378701055,127.71051788330078,16.643550872802734,7.219167996045022,0.5113206243941808,0.8318297125013995,0.9999999974358974,110.04916763305664,4.8007965087890625,0.0,UNDEREXPOSED,0696.png
664.3857683881506,7904.971649169922,215.83623504638672,45.0621248807086,-1.464529689473006,5.871981652627726,0.9999999996078431,91.12047576904297,5.5882744789123535,0.0,OVEREXPOSED,0696.png
11884.751089716428,18742.418586730957,110.79537582397461,50.960980719743034,0.34021192601930744,23.857764519637914,0.9999999996078431,159.4594841003418,7.661970138549805,0.0,NOISY,0696.png
465.30965156025195,5599.793495178223,98.30824279785156,60.430417952624175,-0.0397811573590159,4.779870829100351,0.9999999996078431,96.94233703613281,6.969583988189697,0.0,CORRUPTED,0696.png
3030.731805702613,13234.62434387207,113.97103118896484,43.00727383552175,0.8340812929995545,13.744198938157686,0.9691119687377945,157.94316482543945,7.200034141540527,0.0,GOOD,0450.png
3.497962322086096,739.0984954833984,110.65172576904297,36.23830763303438,1.1970989512275056,0.33355914023247535,0.7364341082416921,154.97509384155273,6.749113082885742,0.0,BLUR,0450.png
244.28971475362778,1061.4015350341797,31.877460479736328,12.166828275798922,0.8331506776715416,3.9054886322033227,0.9729729716581447,159.13232803344727,5.380229949951172,0.0,UNDEREXPOSED,0450.png
5112.633173153603,21193.830963134766,174.52662658691406,49.917105362642204,0.2735686144255899,18.31460245022747,0.9318181814652203,123.67905044555664,6.573562145233154,0.0,OVEREXPOSED,0450.png
40337.260242482575,55308.6237411499,112.52814865112305,57.31200660122459,0.6572800626010266,44.86735783764731,0.9999999996078431,140.95134353637695,6.990788459777832,0.0,NOISY,0450.png
780.9545064080594,8275.021041870117,110.7284927368164,40.215204955181925,0.939173051111677,7.776727997803097,0.9999999996078431,158.2238540649414,4.094501495361328,0.0,CORRUPTED,0450.png
8393.222542185278,14954.968452453613,127.23550415039062,49.048949759271416,-0.013585363816005579,20.434676320058525,0.9999999995983936,81.30355072021484,7.604245185852051,0.0,GOOD,0574.png
2.1324424679478398,342.6006774902344,130.33832168579102,42.78481760303371,0.4051552735550324,0.20330245001693514,0.8681318678138711,77.27521514892578,7.374088287353516,0.0,BLUR,0574.png
1321.9352405419922,2355.102958679199,50.163978576660156,19.473737708272537,-0.010889423567641646,8.111630758543031,0.999999998989899,81.89896392822266,6.2811198234558105,0.0,UNDEREXPOSED,0574.png
14994.25599490698,25607.235328674316,230.0617218017578,47.75218296917974,-2.343169960089114,28.49749015882926,0.9999999996078431,52.29147720336914,4.423327922821045,0.0,OVEREXPOSED,0574.png
23949.720323378628,33505.26555633545,129.78876495361328,55.2014921798862,-0.03362479458576197,33.928584655012514,0.9999999996078431,133.69673919677734,7.789463520050049,0.0,NOISY,0574.png
7797.842942624295,15622.474433898926,110.75332641601562,66.71970423137064,-0.24835188740243813,19.33688692514482,0.9999999996078431,69.29584503173828,7.073430061340332,0.0,CORRUPTED,0574.png
1435.737478196621,10707.205932617188,85.45541381835938,39.490189257521514,1.1894140018350448,9.12106033099289,0.7976653693394298,59.27679443359375,7.036841869354248,0.0,GOOD,0025.png
4.149024180136621,1220.5180435180664,86.52788925170898,34.19250385280111,1.3186234373207915,0.3533675867588855,0.7327935219705289,52.390445709228516,6.8118181228637695,0.0,BLUR,0025.png
95.38694282584765,700.9259338378906,21.500717163085938,10.11723460586685,1.1918643007283358,2.35825072016193,0.8153846141301776,59.98934555053711,5.0700507164001465,0.0,UNDEREXPOSED,0025.png
4568.64791224814,27218.752517700195,195.02199935913086,51.39176010885935,-0.36216842446222525,16.74076038615451,0.5692307690556213,38.45413589477539,6.674459934234619,0.0,OVEREXPOSED,0025.png
14416.698388491157,25749.501403808594,86.8778305053711,46.26824679483338,0.7709027174705886,26.421315293877846,0.9999999996078431,156.02686309814453,7.471648216247559,0.0,NOISY,0025.png
442.0417400862643,9038.135887145996,86.47977447509766,38.881781805964835,1.224563138785851,5.532653151834652,0.9999999996062993,34.801246643066406,5.874599456787109,0.0,CORRUPTED,0025.png
6030.756172664796,39128.22045135498,118.9139289855957,57.49047059347777,0.15728016923740942,19.977300136296638,0.9921874996124267,105.411376953125,7.654435634613037,0.0,GOOD,0111.png
272.92057520285016,5602.977516174316,118.6182861328125,44.04599015168184,0.2515646107998036,4.471372986233699,0.961538461168639,96.4626350402832,7.3863067626953125,0.0,BLUR,0111.png
936.3058288558241,6068.802017211914,46.45507049560547,22.64383034627242,0.1499323958186382,7.869513489080453,0.999999999,106.56356430053711,6.32548713684082,0.0,UNDEREXPOSED,0111.png
8236.155731662177,51621.87461090088,200.99201202392578,66.58768548363307,-1.3229556110727325,22.31751199218769,0.9921874996124267,65.11889266967773,6.171377182006836,0.0,OVEREXPOSED,0111.png
30486.208888281533,64022.49793243408,119.0777473449707,64.20142141270037,0.1822077911115685,39.956774974072445,0.9999999996078431,98.38946533203125,7.527597427368164,0.0,NOISY,0111.png
5539.175407366594,36491.42018890381,98.35484313964844,69.82997169512493,0.2048151263990156,18.727865770461513,0.9999999996078431,84.4013671875,7.095324516296387,0.0,CORRUPTED,0111.png
3137.1864584507266,7725.259971618652,221.97382736206055,53.39310426763073,-2.4643872068608363,13.477614916272938,0.9999999996047431,18.670108795166016,5.213493824005127,0.0,GOOD,0502.png
2.86906051634287,500.40077209472656,223.85822677612305,51.231439718617096,-2.281499412675778,0.3835297516996677,0.8254545451543801,16.967418670654297,5.216961860656738,0.0,BLUR,0502.png
422.93589781573974,1039.4625701904297,81.09900665283203,19.563466240791023,-2.463960504697988,4.951586126169422,0.9999999989130436,18.934288024902344,3.8895263671875,0.0,UNDEREXPOSED,0502.png
5622.380447387695,11969.221206665039,246.12036514282227,34.06973134510969,-4.276892472238069,17.623772806010805,0.9999999996078431,10.828529357910156,1.270114541053772,0.0,OVEREXPOSED,0502.png
6990.642279984837,12123.015319824219,217.75513076782227,52.96943519528522,-2.3186100317937393,18.879908480151233,0.9999999996078431,46.894126892089844,6.434423446655273,0.0,NOISY,0502.png
599.4322738647461,4868.971755981445,224.6941032409668,52.96181542820156,-2.3750019138616736,6.637208216930895,0.9999999996078431,15.810176849365234,2.50455379486084,0.0,CORRUPTED,0502.png
3396.8861478910403,22032.299423217773,128.55147552490234,60.625661485009346,-0.05273978238834994,13.267739638823464,0.992156862356017,71.35811614990234,7.786014080047607,0.0,GOOD,0178.png
96.3518055321183,2523.520652770996,123.98480987548828,48.535515258706035,-0.07272277691161608,2.727130922650158,0.9499999996041667,66.46744537353516,7.530930519104004,0.0,BLUR,0178.png
52.70269982259197,335.4511260986328,15.207710266113281,7.442034241876693,-0.07193901935968887,1.6625713754528981,0.9999999967741935,74.06593322753906,4.770203113555908,0.0,UNDEREXPOSED,0178.png
5396.462425980484,29742.417198181152,213.84841537475586,62.46839592430742,-1.37670704856987,16.828592019200073,0.9921874996124267,36.866355895996094,4.973786354064941,0.0,OVEREXPOSED,0178.png
17287.3844706206,35933.05097198486,123.83961868286133,61.850304874303525,-0.007546945803357285,28.956993272319473,0.9999999996078431,135.27366638183594,7.901036262512207,0.0,NOISY,0178.png
2929.9220874336897,19636.50340270996,102.95436477661133,69.11934378154126,-0.03525583991708209,12.041763643817843,0.9999999995967742,60.86689758300781,7.130766868591309,0.0,CORRUPTED,0178.png
3072.658939475994,23369.627235412598,90.7427749633789,58.65766329691598,1.0401041841452536,14.183514717416793,0.7985611507918844,0.0,7.095947265625,0.0,GOOD,0230.png
12.066433794563636,2799.9583435058594,90.47081756591797,52.24890021501419,1.0172768138687311,0.7348923692360243,0.764285714012755,0.0,7.091421127319336,0.0,BLUR,0230.png
461.77605140930973,3506.5126190185547,34.78801345825195,22.735920055279767,1.0405703586540223,5.500719125294402,0.8130841113896411,0.0,5.725716590881348,0.0,UNDEREXPOSED,0230.png
3946.205671346033,27674.64739227295,185.44964218139648,61.67276635816902,0.011753240052364096,15.575368651469015,0.5269461076266628,0.0,4.37418270111084,0.0,OVEREXPOSED,0230.png
8984.289981297785,29831.878540039062,90.07789611816406,60.10154191517057,0.9027110279939563,21.835492852736856,0.9999999996078431,122.01349639892578,7.61667537689209,0.0,NOISY,0230.png
517.376507183013,3931.173797607422,37.35837936401367,24.067539575839966,1.0403613170842405,5.822881364641959,0.7913043471379962,255.0,5.790380477905273,0.0,CORRUPTED,0230.png
694.2118080721702,7827.312049865723,76.80540466308594,52.81914278236384,0.4111109095324614,6.294461595650211,0.9999999996078431,72.58590698242188,7.28324031829834,0.0,GOOD,0688.png
3.771163937577512,1192.2731399536133,73.66289520263672,47.49890296267737,0.28524358868934707,0.33759577013704206,0.9999999995780591,68.9334716796875,7.3258256912231445,0.0,BLUR,0688.png
81.81290004517359,900.2580642700195,25.653671264648438,17.84794324322876,0.4347103124786985,2.1655307508717874,0.9999999988888889,70.9841079711914,5.799196243286133,0.0,UNDEREXPOSED,0688.png
1696.5723685903793,17687.412155151367,161.86345291137695,92.23742762333033,-0.5714774058832389,9.722020604903452,0.9999999996078431,58.21342468261719,6.672088623046875,0.0,OVEREXPOSED,0688.png
11918.294148640474,19825.58341217041,76.59844970703125,51.74568737728172,0.554979893220579,23.858216775866975,0.9999999996078431,165.8057632446289,7.530045509338379,0.0,NOISY,0688.png
324.7370634483523,3543.5329360961914,51.39104461669922,34.31389922279178,0.25885414037601245,4.327903898178298,0.9999999994413408,233.6267852783203,6.689972877502441,0.0,CORRUPTED,0688.png
10725.443516375828,42746.797775268555,113.81240463256836,73.72772551867494,0.09146825460075593,24.37389231983622,0.9999999996031746,79.37233352661133,7.909961700439453,0.0,GOOD,0420.png
7.046867357508745,2252.905715942383,115.02686309814453,63.70696852189285,0.01588999285694109,0.5613895747920775,0.9841897229311504,64.43241500854492,7.8459906578063965,0.0,BLUR,0420.png
551.380521811996,2192.5086975097656,25.42871856689453,16.684073911296572,0.0981875115355378,5.5314018430096,0.999999998245614,82.14260482788086,5.790668487548828,0.0,UNDEREXPOSED,0420.png
17817.528215614126,65429.40884399414,179.54339981079102,89.88175135184873,-0.732705287748358,31.72594972322218,0.9999999996078431,60.988304138183594,5.710245609283447,0.0,OVEREXPOSED,0420.png
22168.56081801071,53059.43996429443,115.91488647460938,73.13529723471866,0.1193707476799369,33.60139839438579,0.9999999996078431,141.83066940307617,7.968690395355225,0.0,NOISY,0420.png
3905.2961566137237,37226.47605133057,115.10673141479492,71.9156335433233,0.09087660491662009,16.811578496105046,0.9999999996078431,54.51670455932617,7.653087615966797,0.0,CORRUPTED,0420.png
8105.511413548549,51345.86893463135,103.19865417480469,69.39155809592941,0.33548780879873125,21.775801788220157,0.9999999995983936,92.06203842163086,7.841030597686768,0.0,GOOD,0034.png
510.6551219946123,7637.438217163086,106.12869644165039,52.17842065716397,0.1393167045034844,7.032316058441218,0.9765624996185301,84.71607971191406,7.657726287841797,0.0,BLUR,0034.png
836.9987983670871,5294.399139404297,32.77609634399414,22.27336085588894,0.3351405255491597,6.999371101065786,0.9999999987341773,93.74932098388672,6.209275245666504,0.0,UNDEREXPOSED,0034.png
10386.393524209834,63958.93482208252,183.59665298461914,79.78240626723363,-0.6798766224744651,24.90036476075858,0.9844357972823207,64.6806869506836,5.854676723480225,0.0,OVEREXPOSED,0034.png
30203.35747161808,75505.29154205322,107.37339401245117,75.12410406949768,0.35253173928450515,39.55225818006559,0.9999999996078431,86.03641891479492,7.807126522064209,0.0,NOISY,0034.png
6839.733714294254,43867.04146575928,96.57453918457031,64.24942163301591,0.31309120405754143,19.938019867193336,0.991189426876128,255.0,7.71055269241333,0.0,CORRUPTED,0034.png
1543.4201470353728,13783.500778198242,121.89777755737305,50.65552637411325,-0.056297198845306096,9.99914152950201,0.9299610891323108,48.804222106933594,7.468257904052734,0.0,GOOD,0046.png
8.188570968792192,1710.1204452514648,116.97499465942383,44.442848842530594,-0.058208667574522525,0.6259342712969664,0.8623853207053278,46.16535568237305,7.237748146057129,0.0,BLUR,0046.png
137.89542751466797,1216.1638946533203,35.77511215209961,15.033710643044406,-0.05718028185287204,2.991593852838816,0.9466666654044446,49.40333938598633,5.716002941131592,0.0,UNDEREXPOSED,0046.png
2131.5733068725094,21104.676788330078,218.82854080200195,51.43951480385359,-1.2966549881010943,11.01542825884329,0.8411552343533735,26.00066375732422,4.61356258392334,0.0,OVEREXPOSED,0046.png
18841.36071536327,32568.223999023438,117.12976837158203,55.2767703948898,0.035625308029427406,30.26039420561571,0.9999999996078431,139.3665428161621,7.7690558433532715,0.0,NOISY,0046.png
234.13904336630367,2105.031234741211,49.15302276611328,20.247576499759607,-0.08449707361830473,3.8831677818462325,0.9405940584746594,255.0,6.138209819793701,0.0,CORRUPTED,0046.png
3213.458628024906,21816.572021484375,121.1798210144043,58.77507258068625,0.1270533185744162,13.281734438729666,0.9999999996031746,26.04157257080078,7.8083109855651855,0.0,GOOD,0801.png
59.935578588963836,2089.646255493164,122.70122909545898,48.94028442427938,0.2571073195184047,2.0282466064411304,0.9123505972460755,17.3726806640625,7.574036121368408,0.0,BLUR,0801.png
81.49012217366544,542.3034591674805,18.59420394897461,9.247743822887369,0.1303840319666046,2.1261841957639875,0.9999999974358974,26.718948364257812,5.138549327850342,0.0,UNDEREXPOSED,0801.png
6619.667839641783,37100.22179412842,214.27410507202148,61.77225631308399,-1.4669940630076495,18.738056687203112,0.9999999996078431,15.432048797607422,4.620476722717285,0.0,OVEREXPOSED,0801.png
26607.375195920868,47801.30513763428,122.91865158081055,65.44313557707599,0.1252393292676231,36.211473643629176,0.9999999996078431,24.1259765625,7.733425140380859,0.0,NOISY,0801.png
1045.0509776861873,18879.199996948242,122.67244338989258,58.385663798703796,0.14596465485256202,8.67509505024393,0.9999999996078431,5.18499755859375,7.682131290435791,0.0,CORRUPTED,0801.png
1846.582411185358,26914.412399291992,110.09771347045898,65.66249109481133,0.4045513910337061,8.490572352235935,0.9999999996078431,71.73570251464844,7.865140914916992,0.0,GOOD,0669.png
44.36950054844783,3651.213493347168,107.19529342651367,47.889654280387035,0.0521177536947512,1.4166606006341742,0.9999999996015937,55.59400177001953,7.59561824798584,0.0,BLUR,0669.png
249.85934867471224,3643.2841720581055,40.00526428222656,24.139547812935856,0.42616645136714343,3.1332720921222363,0.9999999989583334,72.66174697875977,6.472009658813477,0.0,UNDEREXPOSED,0669.png
2801.383455188712,35922.654121398926,175.85480117797852,79.31273972248225,-0.5534043135239204,10.830919917425897,0.9999999996078431,57.9965705871582,6.569401741027832,0.0,OVEREXPOSED,0669.png
21380.890837418476,45024.49166107178,108.329345703125,65.63717072343806,0.3395402739015188,31.77645039994999,0.9999999996078431,159.07102966308594,7.9123148918151855,0.0,NOISY,0669.png
1555.9793868994893,23427.764045715332,87.62369918823242,69.5936375989255,0.49316658061534446,7.351667602157448,0.9999999996078431,62.225830078125,7.2311811447143555,0.0,CORRUPTED,0669.png
12576.716527155542,44925.00412750244,119.79851150512695,75.52125504218618,0.11023638915802107,26.59178465004925,0.9296874996368407,44.45944595336914,7.549286842346191,0.0,GOOD,0313.png
2.823619841816253,1206.6248016357422,118.12543487548828,60.70607577621999,0.29043072508306916,0.2764731041397812,0.8473895578926146,34.405906677246094,7.543699741363525,0.0,BLUR,0313.png
1768.2499004816636,6314.880813598633,44.63908767700195,28.330056966084666,0.11187679367671552,9.973449239680194,0.9368421042770084,45.17528533935547,6.134333610534668,0.0,UNDEREXPOSED,0313.png
20937.58356272796,65433.911796569824,191.36302185058594,76.96552251292623,-0.6577942444340824,34.64585097877898,0.8345323738005278,30.619888305664062,4.854017734527588,0.0,OVEREXPOSED,0313.png
21183.42436904827,52661.5728225708,118.26633071899414,75.18665987626882,0.11924327127144509,33.04631198706287,0.9999999996078431,127.45855712890625,7.902965068817139,0.0,NOISY,0313.png
3453.570536979226,35780.4672164917,118.17863845825195,71.62175684910322,0.1288081696253875,16.07489586444457,0.9999999996078431,16.481040954589844,7.031371116638184,0.0,CORRUPTED,0313.png
6030.309858358465,23771.655616760254,74.03897857666016,46.750827627634614,0.5186345781629901,18.274834485467842,0.9999999995951417,132.30076599121094,7.371225357055664,0.0,GOOD,0240.png
5.211814873327967,1326.4900588989258,76.1511344909668,38.16583422525357,0.024536143131403912,0.4753135835245775,0.9541284399292989,122.17524337768555,7.159550189971924,0.0,BLUR,0240.png
905.6294273453386,3564.3686141967773,28.348785400390625,18.090362058053095,0.5199955067306212,7.082676835233908,0.9999999989583334,133.51676177978516,6.008876323699951,0.0,UNDEREXPOSED,0240.png
14029.633907026553,57985.69151306152,146.06672286987305,78.7750528345753,-0.04297993378379869,28.01086005644594,0.9844357972823207,120.14616394042969,7.62055778503418,0.0,OVEREXPOSED,0240.png
29413.451217957052,50780.912437438965,79.12645721435547,56.77087287174482,0.9632310976687924,38.30361767414406,0.9999999996078431,122.58541870117188,7.346495628356934,0.0,NOISY,0240.png
2071.0677021385636,21170.970512390137,76.3038215637207,45.881608081976935,0.40048774424446143,12.371625976692386,0.9999999996062993,117.28023910522461,6.9545698165893555,0.0,CORRUPTED,0240.png
1029.9424308389425,10360.202613830566,97.18183517456055,97.16065451159179,0.3600500715198357,6.46037043851537,0.9999999996000001,85.91322708129883,6.780108451843262,0.0,GOOD,0263.png
13.667620858861483,1438.6993408203125,99.31029510498047,93.1858254679547,0.3428501392460231,0.8745949183419585,0.9919999996032001,72.9064712524414,6.9629974365234375,0.0,BLUR,0263.png
32.54881647483853,317.0409851074219,16.60063934326172,16.947604152726417,0.3619622377178639,1.1578079910768069,0.9999999976744186,75.15388107299805,4.384748458862305,0.0,UNDEREXPOSED,0263.png
2237.7274303018194,16908.001625061035,134.48556518554688,112.0237767897213,-0.007927067514141411,9.892812827101952,0.9999999996078431,70.57787322998047,4.9906907081604,0.0,OVEREXPOSED,0263.png
44215.880651234984,60607.22161102295,101.71885299682617,101.46054896816035,0.34336292279929387,47.38846766576974,0.9999999996078431,72.97580337524414,6.724257469177246,0.0,NOISY,0263.png
971.3213676770683,10793.796897888184,83.30548477172852,97.68573842816639,0.6435000445625145,5.686106727857998,0.9999999996062993,66.53812789916992,6.34626579284668,0.0,CORRUPTED,0263.png
11122.57722631836,38722.2555770874,112.17497634887695,58.737751077815645,0.5054219989042347,23.990279530032222,0.9999999996078431,113.30008697509766,7.7425384521484375,0.0,GOOD,0291.png
3.3465537022420904,985.6009292602539,111.39485168457031,41.72702123555673,1.5391131235380047,0.30413988957605087,0.762962962680384,103.85360336303711,6.864302158355713,0.0,BLUR,0291.png
1512.3283235264098,5257.372367858887,40.99180603027344,21.60591495194355,0.49981729716714507,8.848383640118628,0.9999999989361703,114.95021438598633,6.303815841674805,0.0,UNDEREXPOSED,0291.png
19647.393451637916,60940.37712097168,216.6561393737793,54.37686213878032,-1.5270426223595444,32.77546120469357,0.9999999996078431,75.88068008422852,5.6630425453186035,0.0,OVEREXPOSED,0291.png
24731.009543643195,52289.59313201904,111.49871063232422,61.418723808483875,0.3584908114179469,35.00397939721104,0.9999999996078431,158.5942039489746,7.870723724365234,0.0,NOISY,0291.png
9155.732382076269,32856.550636291504,96.8265495300293,68.34417851123911,0.3198593558299207,21.646198353106932,0.9999999996062993,92.49489212036133,7.153056621551514,0.0,CORRUPTED,0291.png
2546.267288937175,35506.835510253906,116.97281265258789,76.47108354858057,0.12266556100704573,11.955121754312886,0.945525291460885,104.12736129760742,7.801794528961182,0.0,GOOD,0511.png
88.48463945440017,5181.155120849609,117.98065567016602,61.15097626353305,-0.01001124854222625,1.9689702288404876,0.922779922423637,78.18411636352539,7.800364017486572,0.0,BLUR,0511.png
152.4998916608747,2099.649658203125,28.21294403076172,18.586580427244673,0.12023086561457291,2.928304558245052,0.9677419339229969,107.81380462646484,5.792232990264893,0.0,UNDEREXPOSED,0511.png
3394.20371465286,40788.56620788574,195.59647369384766,80.2299700349764,-0.922719352624113,12.40125308302763,0.8411552343533735,68.83860778808594,4.792726993560791,0.0,OVEREXPOSED,0511.png
11137.127270654757,43057.86341094971,118.07764434814453,75.79144189948398,0.12640268525927686,23.39616038850695,0.9999999996078431,137.36956787109375,7.967926979064941,0.0,NOISY,0511.png
2053.494014854412,28559.954299926758,105.84600830078125,69.10527537100882,0.09708067948750396,10.721018141522487,0.9475982528613108,255.0,7.616159439086914,0.0,CORRUPTED,0511.png
4151.823405909105,31276.90161895752,161.63661575317383,58.073386868732875,-0.4298323766881708,18.085911714113955,0.9844357972823207,47.037071228027344,7.639725685119629,0.0,GOOD,0752.png
3.229003860615194,1073.7744903564453,160.3492774963379,47.30880681782933,-0.1848279341479354,0.3053427557722864,0.808823529114403,38.85824966430664,7.348570823669434,0.0,BLUR,0752.png
297.717839178149,2230.406669616699,42.778724670410156,15.507416790747966,-0.42762915874998586,4.840257171216228,0.9999999985294119,47.694332122802734,5.748457431793213,0.0,UNDEREXPOSED,0752.png
4571.255900603587,30212.501823425293,235.1564178466797,42.76496546032702,-2.3865242927456833,19.80283164995544,0.9767441856679285,21.137004852294922,2.9647552967071533,0.0,OVEREXPOSED,0752.png
29403.311889558798,57922.551109313965,158.18283462524414,64.73489268210407,-0.5687595444361776,39.30700292289089,0.9999999996078431,43.9986572265625,7.549806594848633,0.0,NOISY,0752.png
2985.434817906469,24839.57479095459,137.0391387939453,78.685926557957,-0.5344438768969005,15.383810516444875,0.9999999996078431,40.572757720947266,7.004517555236816,0.0,CORRUPTED,0752.png
8154.072223957628,25637.247856140137,152.75556182861328,82.48938749756857,-0.0791330758192622,20.111684946429417,0.916030534001515,96.35372161865234,6.601439476013184,0.0,GOOD,0086.png
149.8524204010464,2680.634796142578,155.34876251220703,75.84396210224206,-0.0310135625867797,3.642987853813052,0.8540145982284617,90.25955200195312,6.999765396118164,0.0,BLUR,0086.png
832.0892506380187,2610.56143951416,48.37004089355469,26.291522840123246,-0.07832367027570467,6.426478203518449,0.9047619036848074,97.02033996582031,5.161478519439697,0.0,UNDEREXPOSED,0086.png
7737.238643822959,21440.443840026855,203.67144393920898,68.83670161061278,-1.139443392858401,20.174256777348923,0.8214285711352041,81.84172058105469,4.90887975692749,0.0,OVEREXPOSED,0086.png
12047.262112180179,29363.15422821045,152.48730087280273,80.76288196630105,-0.12835777411280644,24.16145082604214,0.9999999996078431,110.05645370483398,7.613354682922363,0.0,NOISY,0086.png
1834.8554481770695,17287.657806396484,156.05061721801758,81.83391735088948,-0.03647775764591422,10.39113692130581,0.9999999996078431,74.68057250976562,4.482185363769531,0.0,CORRUPTED,0086.png
6443.737129863352,28308.684326171875,187.63291549682617,49.66637522732739,-1.453481885217539,20.76787351594238,0.9999999996078431,72.64225769042969,7.011992931365967,0.0,GOOD,0742.png
2.7723273822193732,813.6893157958984,183.7624740600586,36.862220551983434,-1.3542160984200227,0.2962280876592134,0.8426966288978663,67.37187194824219,6.607266426086426,0.0,BLUR,0742.png
732.5105453798897,3213.1907501220703,62.79859924316406,16.75774658140559,-1.442077597508172,7.0007183058470845,0.9999999988505748,74.61903762817383,5.493422031402588,0.0,UNDEREXPOSED,0742.png
4461.97620216348,20031.96884918213,246.01847457885742,34.23880799516008,-4.86025013235416,17.89522471257944,0.9999999996078431,13.399421691894531,1.7161293029785156,0.0,OVEREXPOSED,0742.png
37783.03869718965,62219.37567901611,179.43099975585938,60.39123619881121,-1.4967348616971332,44.1920937113584,0.9999999996078431,68.35098266601562,6.92782735824585,0.0,NOISY,0742.png
6189.893211205706,30841.75032043457,151.3532371520996,79.71115327553656,-0.9339709933674452,19.848793481831045,0.9999999996078431,61.8870849609375,6.703924179077148,0.0,CORRUPTED,0742.png
3732.596718642337,19437.061157226562,43.75356674194336,59.43744548438415,1.4315923958199848,18.465828656769727,0.9999999996078431,84.55798721313477,5.1606926918029785,0.0,GOOD,0650.png
166.59076648618793,2450.0626907348633,43.710323333740234,52.7497483314547,1.2025886098505454,3.6234380560911807,0.9999999995670996,88.46906280517578,5.38918924331665,0.0,BLUR,0650.png
74.72398740419885,384.26365661621094,5.847103118896484,8.196787158260307,1.4766089335054091,2.6089959721890064,0.9999999971428571,90.18333053588867,3.5266528129577637,0.0,UNDEREXPOSED,0650.png
6855.505200894533,35729.147636413574,69.1785888671875,85.87187647092956,1.028967393078934,24.13992872324109,0.9999999996078431,77.20161819458008,5.270042896270752,0.0,OVEREXPOSED,0650.png
16298.46342870917,31594.768005371094,55.15285873413086,56.85128832501075,1.3520140984183633,29.930649782530384,0.9999999996078431,203.3247528076172,7.1312360763549805,0.0,NOISY,0650.png
3385.0249661037233,17867.422592163086,36.94194030761719,55.64655996527632,1.6396433839264086,17.854171119600622,0.9999999996062993,72.62408065795898,4.5301618576049805,0.0,CORRUPTED,0650.png
6483.905702877889,20295.307220458984,122.11288833618164,65.66926986084744,0.016405160911170818,18.3281789453,0.9999999995884774,86.14601516723633,7.850504398345947,0.0,GOOD,0426.png
93.17070420872187,1693.9349746704102,127.8232650756836,59.38781387580033,0.24897862823480996,2.8584581820199753,0.9315589350070117,76.10933685302734,7.710965633392334,0.0,BLUR,0426.png
370.5928412915673,1156.3884048461914,28.705562591552734,15.659046506418978,0.019502903500047103,4.387411600777853,0.9999999982758621,87.71650695800781,5.793863773345947,0.0,UNDEREXPOSED,0426.png
13476.626924892984,37276.73514556885,212.92446517944336,64.90386195440604,-1.4315077590072487,26.94278740646382,0.9999999996078431,52.62294006347656,4.534152030944824,0.0,OVEREXPOSED,0426.png
22282.34416240009,38642.54425048828,127.18023681640625,69.43198140519004,-0.004517454938556268,32.9894606483335,0.9999999996078431,141.93522262573242,7.976134300231934,0.0,NOISY,0426.png
1159.567408867515,3791.987632751465,51.475948333740234,28.50131506005651,0.018228098336162398,7.7720929314401,0.9999999990476192,254.92704391479492,6.627447605133057,0.0,CORRUPTED,0426.png
2237.54584050375,10580.952880859375,126.84560775756836,42.28322221881444,-0.5332777821550857,11.293618458142515,0.9999999995983936,75.75046920776367,7.302554130554199,0.0,GOOD,0675.png
147.2732433140627,2706.172088623047,130.4028778076172,36.94336847558982,-0.536908929857483,3.088368159638713,0.97520661116727,68.7020034790039,7.128558158874512,0.0,BLUR,0675.png
343.6788730761036,1620.5830993652344,49.25420379638672,16.52577235454602,-0.535257675267527,4.428366421053955,0.9999999989690722,76.26168060302734,5.951577186584473,0.0,UNDEREXPOSED,0675.png
3030.412731862103,13486.369735717773,237.78176879882812,39.33060859070822,-2.647780365949427,12.939521881140704,0.9999999996078431,25.8359375,3.1425797939300537,0.0,OVEREXPOSED,0675.png
32396.087770207785,45850.9606628418,130.20470809936523,55.62518172499776,-0.28720721658173254,40.218649432521886,0.9999999996078431,69.02723693847656,7.219853401184082,0.0,NOISY,0675.png
1778.1448314044974,10637.437896728516,110.63933181762695,61.884991354470884,-0.6015625954250846,9.748097888031996,0.9999999996078431,67.0001106262207,6.813119411468506,0.0,CORRUPTED,0675.png
25336.448034390807,84822.9261932373,157.97507095336914,73.97074492506778,-0.3855130050988774,43.89029110513389,0.9999999996015937,38.376861572265625,7.5438032150268555,0.0,GOOD,0625.png
2494.1670029921074,16450.321739196777,160.31036376953125,56.5939672053267,-0.4283734679756893,17.412195296096524,0.9841897229311504,33.135189056396484,7.656149864196777,0.0,BLUR,0625.png
1233.0430448721017,4122.476837158203,34.316043853759766,16.27922330549605,-0.3810860258730276,9.689754700150482,0.9999999981818182,38.34322738647461,5.385509490966797,0.0,UNDEREXPOSED,0625.png
17421.983115453135,58597.936126708984,222.0506248474121,59.6597380510581,-1.9132061899979114,35.242106744030394,0.9999999996078431,27.984394073486328,3.9084115028381348,0.0,OVEREXPOSED,0625.png
66767.37200128194,124708.84016418457,157.06566619873047,82.31499887256741,-0.4393371023882812,62.6046707189017,0.9999999996078431,33.85839080810547,7.358346462249756,0.0,NOISY,0625.png
19149.909245458533,76594.65981292725,159.05129623413086,71.79307452035863,-0.33538537695761633,38.98416645894235,0.9999999996078431,22.095996856689453,6.684650421142578,0.0,CORRUPTED,0625.png
4970.531998561637,24585.03175354004,101.01432800292969,68.49170044744082,0.21773938380943914,14.235407003604639,0.9999999996047431,129.23411560058594,7.809988498687744,0.0,GOOD,0848.png
15.593272686106502,4939.245742797852,102.26410293579102,62.2953494655779,0.19348990989454862,0.6962672792844488,0.9999999996031746,117.98410415649414,7.76391077041626,0.0,BLUR,0848.png
721.8679371614562,3563.3630599975586,38.26908493041992,26.070743273911006,0.22462251991468,5.430990744815787,0.9999999989583334,129.95278930664062,6.4152655601501465,0.0,UNDEREXPOSED,0848.png
9611.174925625422,43281.82987213135,175.90029907226562,87.96496674103213,-0.7214461128464439,20.493343620684097,0.9999999996078431,99.58228302001953,6.258628845214844,0.0,OVEREXPOSED,0848.png
13304.096418938116,32799.50469970703,103.7800407409668,68.3435265648911,0.2740402958572546,24.62429879686924,0.9999999996078431,161.38247299194336,7.90262508392334,0.0,NOISY,0848.png
2535.8585674529895,12718.508438110352,65.46803283691406,47.06036842717408,0.4292632948745288,10.21845041350439,0.9999999994413408,254.50876235961914,7.256311416625977,0.0,CORRUPTED,0848.png
1004.8494605115702,9876.304244995117,150.04369735717773,71.52015632532233,-0.008445759695579789,6.980687783722639,0.9767441856679285,67.36560440063477,7.444039821624756,0.0,GOOD,0863.png
2.071113502373919,679.2427520751953,144.83140563964844,64.67784884942314,0.20132673677658175,0.22761706671699097,0.7599999997236363,64.63769912719727,7.164201736450195,0.0,BLUR,0863.png
142.89127885106427,1388.9705352783203,55.9005241394043,26.779132343049632,-0.010326643971229128,2.637474255315485,0.9797979788082849,68.01935195922852,6.028321266174316,0.0,UNDEREXPOSED,0863.png
2622.625889709161,25721.68147277832,224.9995002746582,50.89159281815013,-2.013176347725735,11.061213790050948,0.9318181814652203,52.17930603027344,4.695791244506836,0.0,OVEREXPOSED,0863.png
36787.53565616763,50660.44945526123,143.4669418334961,75.82367820802452,-0.11509518331204,42.88707987431525,0.9999999996078431,61.25608444213867,7.253634452819824,0.0,NOISY,0863.png
375.76317596429726,8664.966705322266,145.1387481689453,68.87738347165686,0.013355864634828562,5.122352532996411,0.9999999996078431,59.71101379394531,5.845162391662598,0.0,CORRUPTED,0863.png
1022.7584380053304,5456.494644165039,130.6855812072754,51.36042670499933,-0.26026033367874946,7.476429497062459,0.9262295078171191,46.466609954833984,7.451786518096924,0.0,GOOD,0032.png
90.09097869646212,1688.0233917236328,136.41577911376953,51.60627634524426,-0.16013806020449314,2.804170125710004,0.861003860671427,45.1773567199707,7.461080551147461,0.0,BLUR,0032.png
20.48328766283521,103.80422973632812,17.301250457763672,7.063807800223886,-0.24506672413955155,1.07144990600193,0.9393939365472911,48.25584411621094,4.6336798667907715,0.0,UNDEREXPOSED,0032.png
2830.8389116888866,14528.153938293457,210.4839210510254,60.69970329712495,-1.196386806699775,12.475605359517244,0.8681318678138711,32.66963195800781,5.222558975219727,0.0,OVEREXPOSED,0032.png
19847.159589076513,27786.964683532715,135.95827865600586,59.34317887961679,-0.2610282857521545,31.39075710405272,0.9999999996078431,43.97739028930664,7.474124431610107,0.0,NOISY,0032.png
866.1938627188647,4628.408462524414,121.34445190429688,46.11113745193997,-0.30748459730042305,6.88124211225731,0.9203539818936487,255.0,7.305026054382324,0.0,CORRUPTED,0032.png
1432.7479094106093,9105.840049743652,112.1832046508789,43.92145756242553,-0.37733970389074595,9.260192453301398,0.9999999995884774,130.83952713012695,7.240579605102539,0.0,GOOD,0654.png
2.245475709438324,390.1325378417969,117.5609016418457,40.512442088371486,-0.4169747570487009,0.2125580397883211,0.9156118139596575,125.04238510131836,7.092581748962402,0.0,BLUR,0654.png
98.57522180931119,617.0335235595703,28.654388427734375,11.352415631310299,-0.38327575128154406,2.434077963875263,0.9999999984126984,132.51371383666992,5.29102087020874,0.0,UNDEREXPOSED,0654.png
3108.0404284889655,18256.870986938477,214.61771392822266,56.53670226446162,-1.4718735521380504,13.911138327824014,0.9767441856679285,60.49888229370117,5.520400524139404,0.0,OVEREXPOSED,0654.png
13228.961891794985,23104.046798706055,117.16094207763672,50.29112731207684,-0.19734799020627822,25.434458394203656,0.9999999996078431,154.00609970092773,7.636650085449219,0.0,NOISY,0654.png
1721.3579657410737,12670.372955322266,93.4183120727539,58.667897639988055,-0.18024344067725992,9.61794735313558,0.9999999996062993,110.99772644042969,6.894961357116699,0.0,CORRUPTED,0654.png
1928.3388932687085,17845.804306030273,122.90325164794922,57.23544673825961,0.03063119891970251,8.16259114716134,0.9763779523715048,144.37515258789062,7.796436309814453,0.0,GOOD,0403.png
4.046119637554511,1423.5028381347656,123.90253448486328,49.04717170719747,0.07551708821808525,0.36599209395751814,0.8988326844751623,134.68522262573242,7.58055305480957,0.0,BLUR,0403.png
199.05201264737116,1825.8071365356445,39.09719467163086,18.297183412784335,0.030779572714565273,2.634451984450757,0.9753086407712239,145.03911972045898,6.151844024658203,0.0,UNDEREXPOSED,0403.png
3505.997435896992,29032.219207763672,195.3823013305664,66.36207964950317,-0.7504220324594272,11.390701922270829,0.9391634977417629,87.1989517211914,5.768413543701172,0.0,OVEREXPOSED,0403.png
44952.64632238999,65416.29277038574,124.31078720092773,68.74304737948864,0.057119173936881214,46.87694869136823,0.9999999996078431,127.23514175415039,7.540445327758789,0.0,NOISY,0403.png
1826.5369827532995,17634.036727905273,103.47024917602539,69.89569636873158,0.04181263325171472,7.720619074611579,0.9999999996031746,122.6423110961914,7.220726013183594,0.0,CORRUPTED,0403.png
350.6632115803659,7728.381080627441,98.26706314086914,62.263028912431835,0.1682958880307241,3.815479777985202,0.9918699182959878,121.49606704711914,7.587593078613281,0.0,GOOD,0727.png
4.9606352366827196,1861.5625457763672,102.03922271728516,61.17628273975803,0.08420635364385749,0.4253778251861445,0.9687499996215819,118.1173095703125,7.571832656860352,0.0,BLUR,0727.png
34.43207507993793,720.1894760131836,29.584209442138672,18.98522867693098,0.1674984469211112,1.2100914476035494,0.9999999986666668,124.37669372558594,5.884036064147949,0.0,UNDEREXPOSED,0727.png
749.9325191419193,13774.543907165527,164.31600189208984,87.2642794630012,-0.4788964581886319,5.377442744070484,0.9767441856679285,100.85192489624023,7.132497310638428,0.0,OVEREXPOSED,0727.png
19538.012504208462,29915.32179260254,104.48820877075195,65.6232765640893,0.2272370862189377,30.44184173359415,0.9999999996078431,177.7327537536621,7.883640766143799,0.0,NOISY,0727.png
429.9527576805558,8438.124038696289,86.42996597290039,69.81118853083356,0.3137312832783987,3.5578498181950735,0.9999999996062993,97.8646354675293,7.038552284240723,0.0,CORRUPTED,0727.png
6408.064391530817,35432.43992614746,109.0367431640625,53.74810837685625,0.186155024025127,19.91416413216026,0.9682539678697405,88.53495407104492,7.577672481536865,0.0,GOOD,0237.png
3.462200161520741,1394.404800415039,112.45525360107422,40.58908780805932,0.03932343887517764,0.330333223094193,0.921568627089581,81.30828475952148,7.31718111038208,0.0,BLUR,0237.png
104.48207854642533,571.0381851196289,13.32009506225586,6.7910854201364685,0.20468854271117068,2.5483826515513988,0.9999999967741935,92.15437316894531,4.620631217956543,0.0,UNDEREXPOSED,0237.png
9529.648564363695,46903.59395599365,213.7983627319336,61.87527465319423,-1.251880759586584,24.86637388800658,0.9029850742899309,34.13334274291992,4.936707973480225,0.0,OVEREXPOSED,0237.png
18226.12273965413,48690.24658203125,112.40338897705078,58.4640845628006,0.16597908721516477,30.79594688533416,0.9999999996078431,143.85187530517578,7.834006309509277,0.0,NOISY,0237.png
1150.618545374833,6462.728157043457,45.05825424194336,22.558012489084668,0.3575647068785101,8.441206431475054,0.9626168215302647,255.0,6.325220108032227,0.0,CORRUPTED,0237.png
2630.156272348817,12395.9633102417,89.85820770263672,68.21674471765424,0.6215802189122106,11.687619096256055,0.9999999996078431,83.68916702270508,7.784348011016846,0.0,GOOD,0427.png
100.6713319325354,2570.2732543945312,88.75980758666992,62.76272938056226,0.6539738077888347,2.755091303451389,0.9999999996031746,72.4649772644043,7.736401557922363,0.0,BLUR,0427.png
285.46705965358706,1337.5164489746094,29.253868103027344,22.378109088556425,0.6167512464125393,3.8543033635074195,0.9999999988095238,85.17605590820312,6.190367221832275,0.0,UNDEREXPOSED,0427.png
9060.415084679826,31602.19451904297,163.9661636352539,90.40306480477592,-0.4496998864791688,21.779521336110584,0.9999999996078431,61.388553619384766,6.478717803955078,0.0,OVEREXPOSED,0427.png
9650.240202908852,19693.899627685547,90.02862167358398,66.73717499161961,0.6170153825740671,21.69290499123396,0.9999999996078431,148.7831802368164,7.801356792449951,0.0,NOISY,0427.png
1254.0552579825744,5889.124092102051,63.69255065917969,48.815411736068675,0.5719332560727146,8.063128114475147,0.9999999994382023,253.5311508178711,7.277050018310547,0.0,CORRUPTED,0427.png
5648.582574141429,25663.055053710938,114.97930145263672,46.98330528691981,0.5163696990147522,18.791711845437852,0.9999999995983936,135.68591690063477,7.231898307800293,0.0,GOOD,0385.png
2.126388426637277,620.1035614013672,118.05910110473633,35.04538875544274,0.5068013922704172,0.24827718740190255,0.8340248959194918,128.23650360107422,6.892482757568359,0.0,BLUR,0385.png
173.2238062582328,780.7667541503906,19.56517791748047,8.194796825751231,0.5188535250107411,3.294037649809637,0.9999999976744186,138.03980255126953,4.744749069213867,0.0,UNDEREXPOSED,0385.png
6137.07204548805,24872.11083984375,216.27193450927734,42.45263828290657,-2.107779428142392,19.603030533069244,0.9999999996078431,89.33222198486328,5.288751602172852,0.0,OVEREXPOSED,0385.png
12904.831910701236,34340.637702941895,117.7237548828125,50.87516343874887,0.43032858936844676,26.22737712812136,0.9999999996078431,156.1168212890625,7.61531925201416,0.0,NOISY,0385.png
2359.540197129303,22626.40483856201,117.98949813842773,46.78066704695563,0.5082835550055003,14.130943462014791,0.9999999996078431,123.35725402832031,5.067471504211426,0.0,CORRUPTED,0385.png
7226.616699101386,29228.613304138184,109.32156372070312,50.80394074874165,0.6355786078095467,19.80415176085598,0.9538461534792898,58.871402740478516,7.583666801452637,0.0,GOOD,0606.png
2.797420483882888,839.2389373779297,110.32542419433594,36.617541948219035,0.6466845178140828,0.2871970153224318,0.8819188188627605,52.70672607421875,7.132559776306152,0.0,BLUR,0606.png
617.4776294499025,2493.2254638671875,31.65062713623047,14.837595138553153,0.6351806249665695,5.793735575097355,0.9473684198060942,59.331703186035156,5.8129563331604,0.0,UNDEREXPOSED,0606.png
11394.264846045,42822.82819366455,198.9466667175293,58.626420102596136,-0.9019281603604367,25.184999722646534,0.8888888885596707,43.08236312866211,6.36495304107666,0.0,OVEREXPOSED,0606.png
17942.547845968744,40685.03022766113,109.96496200561523,54.53139134870501,0.4618956682227817,29.945981543414653,0.9999999996078431,130.97371292114258,7.737452507019043,0.0,NOISY,0606.png
6099.544057147345,25855.729347229004,90.80112838745117,59.89470057747647,0.31443509545233056,18.1150326527943,0.9999999996078431,49.30430221557617,6.971316337585449,0.0,CORRUPTED,0606.png
3097.5505030406057,15640.28929901123,62.4408073425293,44.799416626279694,1.4560213731375682,13.42121636825282,0.9119999996352001,69.38054656982422,6.760122299194336,0.0,GOOD,0841.png
4.582328743999824,1206.7292785644531,65.96179962158203,40.15511123699819,1.166078544784266,0.4123619495254063,0.8359374996734619,66.69224548339844,6.915618419647217,0.0,BLUR,0841.png
165.3638304322958,831.044303894043,13.936115264892578,10.318528349122545,1.449103094302292,3.1052791135320286,0.9285714269132653,73.17284393310547,4.791072368621826,0.0,UNDEREXPOSED,0841.png
6734.949943980651,35878.41156768799,142.86794662475586,72.71894796945806,0.33781030422722175,20.614681123361844,0.7957746476071216,63.85435485839844,6.863882541656494,0.0,OVEREXPOSED,0841.png
15395.07753366232,30131.09526824951,68.66381454467773,50.57149759637987,1.136032385096799,27.591983111014105,0.9999999996078431,181.6516990661621,7.433526992797852,0.0,NOISY,0841.png
1144.9596233120537,14545.281509399414,66.26125717163086,45.508430214762434,1.4065299215158888,9.568194888813323,0.9999999996078431,49.459720611572266,5.9459333419799805,0.0,CORRUPTED,0841.png
405.1198774068034,3542.0171279907227,81.22577667236328,60.797227725454384,0.9134406412950348,4.471155394860739,0.9999999996078431,178.26040649414062,7.477581024169922,0.0,GOOD,0494.png
3.046825236044242,1018.2259521484375,79.80141830444336,58.109675183635645,0.949116573043637,0.24726726716371591,0.9767441856679285,176.2896385192871,7.479251384735107,0.0,BLUR,0494.png
12.892055476535461,101.33256530761719,13.103099822998047,10.191815829278575,0.9414136274983564,0.8100953968958928,0.9999999976744186,188.7874298095703,4.963719367980957,0.0,UNDEREXPOSED,0494.png
904.6777479499578,7792.002006530762,131.89744567871094,81.11276677016802,0.20820496254083135,6.684643988710736,0.9999999996078431,165.76686477661133,7.586613655090332,0.0,OVEREXPOSED,0494.png
39823.02428543076,50075.22407531738,84.15446853637695,70.16230328736168,0.989019411843818,44.661883003631694,0.9999999996078431,161.46949768066406,7.281233787536621,0.0,NOISY,0494.png
75.1647641947493,635.7022476196289,33.67820739746094,27.751657719162942,0.8303400958168822,1.9244650347684609,0.9999999990476192,254.99902725219727,6.243814945220947,0.0,CORRUPTED,0494.png
3022.113939232643,7638.942115783691,72.22078704833984,28.44697143358758,1.608504819255943,11.932995671469302,0.9999999996047431,133.45771408081055,6.581005096435547,0.0,GOOD,0677.png
83.24537547840737,1578.2811126708984,73.21834945678711,23.989971521021406,0.6526576355545138,2.2600413194063407,0.9641255601057733,128.2442741394043,6.4780707359313965,0.0,BLUR,0677.png
52.15491862977797,130.81586456298828,9.014163970947266,3.7070746801121985,1.5790680496826333,1.5731906392887196,0.999999996969697,136.37985610961914,3.704627752304077,0.0,UNDEREXPOSED,0677.png
3769.299905274936,14640.094100952148,149.60877990722656,47.350705322690764,0.22386848967734335,13.560639273297639,0.9767441856679285,122.55918884277344,7.31915283203125,0.0,OVEREXPOSED,0677.png
22806.15570844052,30756.928184509277,76.58130264282227,40.7536094890877,0.700138868345396,32.53104060392164,0.9999999996078431,191.98236465454102,7.313845634460449,0.0,NOISY,0677.png
3000.603251212261,7753.6032791137695,60.8492317199707,37.91470341706253,0.5212066054123726,11.849950118266538,0.9999999996078431,124.56095886230469,6.212231159210205,0.0,CORRUPTED,0677.png
9125.783860197058,35704.21780395508,153.38131713867188,81.6224757305444,-0.12435874219037064,22.99729989913631,0.9999999996078431,130.75735473632812,7.307733058929443,0.0,GOOD,0257.png
13.759755549428519,3155.6303176879883,148.2302474975586,72.73452596113177,0.011548564711070252,0.7517711930890256,0.9612403097049456,127.33530807495117,7.5008544921875,0.0,BLUR,0257.png
318.76270578043477,1238.418556213379,28.088008880615234,15.31105209631473,-0.10104935803451263,4.295807803603106,0.9999999979591837,137.61687469482422,5.1892008781433105,0.0,UNDEREXPOSED,0257.png
10519.642747905436,42303.122718811035,198.44932556152344,71.6289283205317,-1.0754089824670887,25.547379196511127,0.9999999996078431,110.00371932983398,5.948470592498779,0.0,OVEREXPOSED,0257.png
20325.52059404061,44161.810775756836,144.8860092163086,76.48231745108242,-0.16507280337210517,32.292031157587,0.9999999996078431,146.56895065307617,7.913577556610107,0.0,NOISY,0257.png
3395.026374930384,25712.615936279297,149.77231216430664,78.74766491037455,-0.024244817091915144,15.253502521150631,0.9999999996078431,122.59688949584961,6.592486381530762,0.0,CORRUPTED,0257.png
5855.3252896442855,43456.53274536133,131.22629165649414,58.79028319540416,-0.48641663953548475,16.34606289000773,0.9999999996000001,103.4842529296875,7.638747692108154,0.0,GOOD,0482.png
220.71089770126855,5711.90739440918,126.08766174316406,37.459537065537674,-0.7685598040110416,3.770585058950133,0.9724770637740932,89.1758041381836,7.1396379470825195,0.0,BLUR,0482.png
120.6701859307941,879.9618988037109,18.196693420410156,8.354470691421245,-0.5043460055949336,2.360171714720561,0.9999999972222222,107.1230583190918,4.856049537658691,0.0,UNDEREXPOSED,0482.png
6704.74732869491,50972.18128967285,219.20734786987305,64.08501862841476,-1.7432551469297584,18.67280179215277,0.9999999996078431,45.11088943481445,4.375537872314453,0.0,OVEREXPOSED,0482.png
17919.803851172655,52288.79180908203,126.23378372192383,59.60428454867404,-0.2835241547508426,29.244742690916354,0.9999999996078431,139.03044891357422,7.822085380554199,0.0,NOISY,0482.png
2051.9429145902395,34113.54568481445,126.72440338134766,54.62508035288783,-0.4426152227569639,11.738134477652396,0.9999999996078431,95.73317337036133,6.619796276092529,0.0,CORRUPTED,0482.png
3261.66938899293,14148.049835205078,131.47309494018555,44.72316343178089,-0.2734456974714345,12.618933626950058,0.9691119687377945,117.74053192138672,7.485874176025391,0.0,GOOD,0181.png
3.177527950843796,1024.1244354248047,126.86523818969727,34.65743206238074,-0.06329893151716671,0.2914249512271155,0.8372093020010816,113.75871658325195,7.143184661865234,0.0,BLUR,0181.png
51.958479400200304,220.65318298339844,15.91259765625,5.540742455284787,-0.31001827952017696,1.6067357823748578,0.999999996875,121.0645980834961,4.476235866546631,0.0,UNDEREXPOSED,0181.png
4846.579873556213,21054.62533569336,226.0743865966797,48.49255303937721,-2.1830769138801043,15.415282760279126,0.9318181814652203,68.40565872192383,5.283228874206543,0.0,OVEREXPOSED,0181.png
18774.063982548287,30921.90483856201,126.64595413208008,49.89032044067333,-0.09271299871515964,29.962015880985458,0.9999999996078431,145.88450241088867,7.664684295654297,0.0,NOISY,0181.png
491.92041243960557,9510.087226867676,126.86957550048828,41.336447224569675,-0.23108806951425256,5.645930544935935,0.9465648851348988,116.56844329833984,6.636582851409912,0.0,CORRUPTED,0181.png
1203.2743857258465,7342.068771362305,107.08177185058594,47.93435006620748,0.008000306281156815,8.803347654931425,0.9516129028420915,65.24639892578125,7.509178161621094,0.0,GOOD,0355.png
114.6090989352524,1993.0252838134766,109.9660758972168,46.081271703483615,0.1162860434160588,3.050776697584536,0.8778625950847851,61.78903579711914,7.481839179992676,0.0,BLUR,0355.png
178.80644464980287,1082.752914428711,40.68185043334961,18.385954103296974,0.004949242722715449,3.395299396069709,0.9574468074920779,65.93315887451172,6.122208595275879,0.0,UNDEREXPOSED,0355.png
4098.341842053866,23405.297477722168,215.77555465698242,61.26846836314805,-1.3403381860588541,16.713919509561112,0.8545454542347106,21.295928955078125,4.442087650299072,0.0,OVEREXPOSED,0355.png
11849.38171440683,20014.95339202881,109.95770263671875,53.12518565450513,0.06405532293283447,24.105169692860184,0.9999999996078431,128.4414520263672,7.725053787231445,0.0,NOISY,0355.png
617.1566638410441,3722.846580505371,79.8321533203125,35.30801912737599,-0.07893661469752698,6.300215883189197,0.9441340776848414,255.0,7.038518905639648,0.0,CORRUPTED,0355.png
3092.985028115203,15551.791969299316,117.69842910766602,50.94205482808856,0.1544612262799574,11.609770829119356,0.9759999996096,109.98030853271484,7.322924613952637,0.0,GOOD,0753.png
2.3692130464914953,662.2653503417969,121.60710144042969,44.56655317580537,0.2230628690349043,0.23878891391814272,0.7882352938085352,102.55655288696289,7.142326354980469,0.0,BLUR,0753.png
466.6642753905471,2340.19034576416,45.32920837402344,19.76427121001865,0.15485791115074385,4.5153799927517415,0.9793814422892976,110.78755187988281,5.959440231323242,0.0,UNDEREXPOSED,0753.png
4773.1656394563615,20726.721809387207,211.70542907714844,50.35763088436897,-1.1783955232213854,14.551352878825105,0.9318181814652203,76.50559997558594,5.416621685028076,0.0,OVEREXPOSED,0753.png
16802.64789746137,31761.938400268555,121.49888229370117,56.97124571313323,0.11769898072478066,28.094946638311576,0.9999999996078431,146.71802139282227,7.790322303771973,0.0,NOISY,0753.png
790.3564192409976,13804.161018371582,121.61875534057617,51.4750757376179,0.1637163674026752,7.381890068759061,0.9999999996078431,106.76064682006836,6.542462348937988,0.0,CORRUPTED,0753.png
3400.8805966591462,22769.73159790039,144.68334197998047,66.74787402872184,-0.5515981971864652,12.445596243722173,0.9999999995744681,54.158321380615234,7.37863302230835,0.0,GOOD,0586.png
6.685660779476166,2250.164764404297,152.10013580322266,63.1011280640658,-0.3990651003473329,0.5293862536911237,0.975308641573947,44.22893524169922,7.483304500579834,0.0,BLUR,0586.png
327.7478144419729,2186.2015228271484,44.472930908203125,20.702075437513972,-0.549319427081781,3.868104250166585,0.9999999986111112,55.01409912109375,5.6963300704956055,0.0,UNDEREXPOSED,0586.png
7225.772096023063,45056.93762207031,208.48735427856445,72.2584059970983,-1.2795389985444539,18.39259603576454,0.9921874996124267,34.10356521606445,4.43645715713501,0.0,OVEREXPOSED,0586.png
50358.53108999296,76637.15488433838,149.4054412841797,78.84753907398925,-0.5136406501925844,50.06983696649161,0.9999999996078431,47.70903015136719,7.235713481903076,0.0,NOISY,0586.png
3704.5981079323537,28505.48597717285,122.67734909057617,83.24655072884268,-0.19915564355950002,12.406058309610248,0.9999999995951417,45.60708999633789,7.036407470703125,0.0,CORRUPTED,0586.png
1215.2514933258644,10202.012214660645,166.5992660522461,63.544420426826164,-0.9736047138461068,6.963234265218666,0.7875457872573092,61.316410064697266,6.715971946716309,0.0,GOOD,0422.png
45.1640724446479,2357.312698364258,174.59846878051758,61.82274436261496,-0.9871050031696407,1.4535644250223778,0.7465753422100769,60.29561233520508,6.97421407699585,0.0,BLUR,0422.png
45.75906748812122,375.1847381591797,31.582550048828125,12.232082984086365,-0.9741785253676712,1.3555043182186197,0.8039215670511342,62.38577651977539,4.454524040222168,0.0,UNDEREXPOSED,0422.png
1357.6577412148326,8318.276077270508,232.60707473754883,47.683305049154626,-1.9623923914470907,8.54566229687188,0.5223880595455558,19.338916778564453,2.5340898036956787,0.0,OVEREXPOSED,0422.png
28321.452396143097,42519.49867248535,171.77085494995117,72.38081582866309,-0.9697533237006246,37.60251790301833,0.9999999996078431,57.365623474121094,6.681583881378174,0.0,NOISY,0422.png
1298.075956259796,12457.370590209961,150.38877868652344,87.54843959564566,-0.6914433647429135,6.149973251666142,0.9999999996078431,50.6650390625,6.309021949768066,0.0,CORRUPTED,0422.png
4296.8839645271655,13643.777328491211,119.91250228881836,45.942601012931334,-0.4816758566086957,15.271704675349296,0.99999999958159,144.12059020996094,7.327130317687988,0.0,GOOD,0336.png
65.44066104803642,1095.9874267578125,126.72393035888672,40.71886929896704,-0.6769642978317151,2.4020822289363473,0.9757085016292678,138.0921974182129,7.154608726501465,0.0,BLUR,0336.png
451.71847915613034,1430.730712890625,38.43438720703125,14.867211806271921,-0.4828461524325962,4.954694093978893,0.9999999987012987,145.7802391052246,5.701504230499268,0.0,UNDEREXPOSED,0336.png
5060.293124303787,17167.07627105713,220.77887725830078,57.88540181551773,-2.3239819306320117,17.180794418164854,0.9999999996078431,102.27616500854492,5.494662284851074,0.0,OVEREXPOSED,0336.png
13596.461219982575,25174.653007507324,126.59172058105469,51.28341258026314,-0.3075945157261539,25.88429068262286,0.9999999996078431,156.57133102416992,7.640168190002441,0.0,NOISY,0336.png
873.2148899743188,10475.244827270508,126.81824111938477,46.53888834853989,-0.5560738583626458,8.148183897262966,0.9999999996062993,134.0366439819336,5.671370506286621,0.0,CORRUPTED,0336.png
3525.9339131237793,33144.6049118042,94.80062866210938,67.75407082286007,0.4418255411681931,13.894339316543931,0.9999999996000001,125.72504806518555,7.8038153648376465,0.0,GOOD,0795.png
153.71853244699014,6075.508071899414,97.00102996826172,55.782793799550845,0.4340804622433688,2.604992379392688,0.9999999996078431,110.75188827514648,7.729896545410156,0.0,BLUR,0795.png
343.6529755181982,3215.5705184936523,29.184371948242188,21.085835369098582,0.4465976067470719,4.339178913926788,0.9999999987179488,125.55100631713867,6.133923053741455,0.0,UNDEREXPOSED,0795.png
6055.838668240642,56065.50266265869,166.73950576782227,87.42195573939173,-0.49766796649582196,17.015879237580585,0.9999999996078431,98.36320877075195,6.625688552856445,0.0,OVEREXPOSED,0795.png
19337.331200303255,47866.71336364746,99.8808708190918,68.11628543417373,0.448982279577704,30.752289581937823,0.9999999996078431,174.6031837463379,7.881036281585693,0.0,NOISY,0795.png
2930.223277173005,27585.185432434082,88.27812957763672,62.304548257721024,0.39714428880805314,12.630809987297908,0.9999999995575222,253.67609024047852,7.676349639892578,0.0,CORRUPTED,0795.png
3556.7891648074146,25947.289665222168,124.42947006225586,72.84676121420878,0.03833523740919971,13.143483633287484,0.961538461168639,63.57954788208008,7.444724082946777,0.0,GOOD,0824.png
16.29746153927408,4549.122039794922,122.76880264282227,65.66822547610242,0.016243124620856544,0.7519780834502308,0.7921146950565896,60.6141242980957,7.518633842468262,0.0,BLUR,0824.png
220.6040598082909,1595.55126953125,30.562915802001953,18.02435756281077,0.045866259021139597,3.276185636422121,0.9692307677396451,64.60266876220703,5.468880653381348,0.0,UNDEREXPOSED,0824.png
5216.558314982785,33602.82543182373,181.8931541442871,80.15309030008022,-0.381766297443292,16.489859313868838,0.9318181814652203,42.554405212402344,4.959619522094727,0.0,OVEREXPOSED,0824.png
14473.384954496269,36633.20906829834,122.5431900024414,72.89902685226988,0.02877997245772435,26.33814708836238,0.9999999996078431,131.8124542236328,7.90415096282959,0.0,NOISY,0824.png
1605.4239903417765,23763.32421875,122.00347518920898,72.2319423676775,0.036400589560572225,10.652947505766843,0.9999999996078431,15.999187469482422,5.0128889083862305,0.0,CORRUPTED,0824.png
11932.738576259097,30327.835418701172,92.36089324951172,53.915473457034096,0.23828271957511146,25.1815198244068,0.9999999996078431,156.06842041015625,7.627017021179199,0.0,GOOD,0807.png
278.8523851721402,3228.34529876709,91.222900390625,41.57149237320674,0.3416762639487602,5.018031266771801,0.9999999995850622,142.11159896850586,7.347353935241699,0.0,BLUR,0807.png
581.5660877057817,1474.6648559570312,19.94586181640625,11.877531672543437,0.24298895648738592,5.560082007505188,0.999999998245614,159.42570877075195,5.457554817199707,0.0,UNDEREXPOSED,0807.png
26044.82588271166,66030.21150970459,151.57534408569336,72.63438120878908,-0.4113310862154547,37.29154577133066,0.9999999996078431,145.95869064331055,7.67637825012207,0.0,OVEREXPOSED,0807.png
32468.330968768438,52808.68426513672,93.29293060302734,60.201928675574656,0.5152539565657474,40.3634504947382,0.9999999996078431,147.16318130493164,7.533555507659912,0.0,NOISY,0807.png
2500.8459039395675,21965.856903076172,91.53791427612305,49.20514488185743,0.2520132131718522,13.380432635340037,0.9999999996078431,147.90481567382812,7.1906280517578125,0.0,CORRUPTED,0807.png
3408.166385085889,19224.637237548828,99.65836334228516,73.55375059833518,0.7092366066032234,13.246560412116438,0.9921874996124267,79.14059448242188,7.690656661987305,0.0,GOOD,0418.png
82.01374188622867,2402.0347442626953,96.0248794555664,64.32587953526439,0.7106412434011116,2.596425236904334,0.9315589350070117,73.27350997924805,7.616166591644287,0.0,BLUR,0418.png
149.139953520149,833.7115478515625,20.24993896484375,15.293542453995842,0.7225349226999821,2.78016959603915,0.9999999981818182,82.63872528076172,5.473567008972168,0.0,UNDEREXPOSED,0418.png
4087.933444911482,24941.532913208008,172.7766571044922,78.53825674972356,-0.2853847672086198,14.245238913630494,0.9921874996124267,57.775733947753906,6.13199520111084,0.0,OVEREXPOSED,0418.png
19625.204786184942,35290.21208190918,97.8987045288086,70.77075904959986,0.5880191945086808,30.749542048643956,0.9999999996078431,169.031982421875,7.856027603149414,0.0,NOISY,0418.png
2702.882386563098,15697.016639709473,77.1201171875,69.53989236334566,0.8821709001867237,11.674104878559936,0.9999999996078431,65.10835266113281,7.064196586608887,0.0,CORRUPTED,0418.png
1521.462226827105,8693.610084533691,34.98619842529297,48.29219155647301,1.423028983908614,8.640466670901754,0.999999999590164,117.96831130981445,6.012666702270508,0.0,GOOD,0587.png
57.90438458356948,2102.1497650146484,34.777530670166016,44.23612322323089,1.2934791708849194,1.885554484814108,0.9999999995169082,120.81875991821289,6.110419750213623,0.0,BLUR,0587.png
76.51167636281752,433.7052459716797,7.387092590332031,10.726749945460089,1.4249870106977014,1.9423692968974964,0.9999999981481481,110.14864730834961,3.855428695678711,0.0,UNDEREXPOSED,0587.png
4288.077478364983,25039.123176574707,64.77113723754883,84.54031873707818,1.1587690108660165,14.18608216275831,0.9999999996078431,112.69192886352539,6.503236770629883,0.0,OVEREXPOSED,0587.png
15035.92938511805,23028.286155700684,47.76659393310547,47.98142561812013,1.3274940377432274,26.778006285992905,0.9999999996078431,205.52833938598633,6.943591117858887,0.0,NOISY,0587.png
254.5588629211852,1525.4446258544922,14.843921661376953,21.20144123133744,1.4221370168541592,3.522127011717722,0.999999998989899,241.5245246887207,4.7516326904296875,0.0,CORRUPTED,0587.png
3115.1400065746707,22491.494514465332,121.91539001464844,71.44785416961359,0.23155830427709606,12.4390837573182,0.9999999995951417,107.61341094970703,7.621308326721191,0.0,GOOD,0615.png
113.65599017008208,4007.1629333496094,126.14395523071289,66.33727767390859,0.35657470755157894,2.760580422702,0.9767441856679285,99.1178970336914,7.686642169952393,0.0,BLUR,0615.png
181.47870233211142,1300.126823425293,28.897754669189453,17.174191904660855,0.23413402352108784,3.0059836250723277,0.9999999983050847,109.6823844909668,5.709876537322998,0.0,UNDEREXPOSED,0615.png
4161.965847339481,30081.06890106201,204.32425689697266,72.93036825334342,-1.2275812825839532,14.567921832747311,0.9999999996078431,61.699092864990234,5.1900529861450195,0.0,OVEREXPOSED,0615.png
27634.36649915749,50449.64540100098,126.23103332519531,77.74298720787628,0.18993334578815788,37.05560446928055,0.9999999996078431,100.4124526977539,7.503377914428711,0.0,NOISY,0615.png
1400.9881243915152,20185.671783447266,125.77128219604492,72.35585055278653,0.22425025261429268,9.299233171421974,0.9999999996078431,98.67850494384766,5.4264936447143555,0.0,CORRUPTED,0615.png
9020.10475265489,44809.52448272705,106.1075325012207,69.3329001251066,0.2601952132930374,22.001432291033584,0.9999999996078431,96.54903411865234,7.848898410797119,0.0,GOOD,0361.png
3.5469855003611883,1467.109230041504,103.86712265014648,52.11147553640026,0.20169359483957283,0.3096787152151959,0.9190283397088954,80.86148071289062,7.640621185302734,0.0,BLUR,0361.png
979.6401852702111,4870.516098022461,34.591102600097656,22.84274287999555,0.26642905375522574,7.2520500030063,0.9999999988372094,98.07529830932617,6.268187522888184,0.0,UNDEREXPOSED,0361.png
15594.872591985833,72106.7121963501,184.9441032409668,84.23338380281245,-0.7208925771677295,29.7880350390212,0.9999999996078431,66.09613418579102,5.464554786682129,0.0,OVEREXPOSED,0361.png
24613.230458795093,56153.75394439697,105.97173690795898,67.92512163885641,0.28563056566465456,35.0510514738026,0.9999999996078431,164.58994674682617,7.914768695831299,0.0,NOISY,0361.png
6768.3076277206255,36687.57904815674,88.68452453613281,73.4442784900205,0.3984483003961582,18.787579608229624,0.9999999996078431,79.61943817138672,7.242001533508301,0.0,CORRUPTED,0361.png
1661.7466810498736,5254.398597717285,174.952880859375,71.07644325920074,-1.1988341765194004,8.965554891376588,0.9838709673452134,46.19932174682617,6.949243068695068,0.0,GOOD,0452.png
2.349079131949111,796.9916381835938,174.21332931518555,69.0184719123881,-1.1523205279233195,0.21077348248157193,0.9677419350936525,44.0300178527832,6.968008995056152,0.0,BLUR,0452.png
35.46244809910422,110.1025619506836,24.69448471069336,10.215279662139675,-1.1983444063583513,1.3189951681060286,0.9999999971428571,48.234039306640625,4.138822555541992,0.0,UNDEREXPOSED,0452.png
4532.2035324618755,11226.813980102539,225.93769454956055,62.689542829979004,-2.050874629135883,14.867580128803986,0.9691119687377945,27.018287658691406,2.7023849487304688,0.0,OVEREXPOSED,0452.png
29331.66154025495,37892.27266693115,171.35938262939453,76.16554552434904,-1.114585388399922,38.34193823907936,0.9999999996078431,43.422218322753906,6.920447826385498,0.0,NOISY,0452.png
342.75028209848097,1077.124267578125,75.04530334472656,29.64273325869127,-1.2470480487081959,4.072790485715628,0.9999999990384616,255.0,5.888880252838135,0.0,CORRUPTED,0452.png
5247.834449978953,45210.72063446045,119.88667678833008,85.18658555382805,-0.06516786857862165,17.178633995932813,0.9999999995967742,112.1093864440918,7.6062774658203125,0.0,GOOD,0457.png
5.33710805872397,1390.6702728271484,123.75004959106445,79.96869346075482,0.12267786241029686,0.44778109253638826,0.9999999996000001,101.54708862304688,7.773987770080566,0.0,BLUR,0457.png
478.3903077804571,4102.303047180176,35.87743377685547,25.70650934893118,-0.06114424825206378,5.192247946421476,0.9999999986486487,111.18606567382812,5.9235358238220215,0.0,UNDEREXPOSED,0457.png
10571.666497319005,97092.82263183594,182.8633918762207,94.10692871656634,-0.8816931581458847,24.52946500967626,0.9999999996078431,82.75461959838867,5.087926864624023,0.0,OVEREXPOSED,0457.png
15740.132556308468,53243.93093109131,124.57570266723633,83.86426466802075,-0.02361181533635512,28.27600298972483,0.9999999996078431,145.49341583251953,7.88455867767334,0.0,NOISY,0457.png
927.0238267612731,8153.299346923828,51.89637756347656,34.86908298189901,-0.13973962944729626,7.208017609619207,0.9999999990476192,247.3055648803711,6.494375228881836,0.0,CORRUPTED,0457.png
3168.0272924171295,15751.351913452148,128.87446212768555,40.20477425205104,0.3668798594829045,15.922146845017002,0.9391634977417629,49.51573181152344,7.160179138183594,0.0,GOOD,0106.png
272.70351732590643,3133.9705505371094,124.99890518188477,33.46412996866092,0.1836662578781538,5.200896201690395,0.830115829795322,47.73079299926758,6.943978786468506,0.0,BLUR,0106.png
156.3123581835389,772.3448791503906,28.098648071289062,8.852643927535885,0.35892330531550776,3.53555059694879,0.9655172397146254,50.14855194091797,4.981979846954346,0.0,UNDEREXPOSED,0106.png
3893.7260910644545,15000.300727844238,232.5182991027832,37.37138610612969,-1.7935970185264385,17.050330451923678,0.8749999996783088,11.839935302734375,4.021435737609863,0.0,OVEREXPOSED,0106.png
38511.59604232921,55363.355529785156,125.13783264160156,54.99162103225096,0.17246760674995212,44.52203480872721,0.9999999996078431,44.30375289916992,6.961958885192871,0.0,NOISY,0106.png
1627.1093127959025,13004.909133911133,125.09190368652344,38.025252928705065,0.4052482458755788,12.636357431127298,0.9999999996078431,43.665000915527344,4.956069469451904,0.0,CORRUPTED,0106.png
5215.6428470930405,18650.543174743652,114.23643493652344,31.9088231624972,-0.14595983241498497,17.11764210064933,0.9999999995967742,166.53642654418945,6.9842329025268555,0.0,GOOD,0054.png
8.5021396165248,1288.4900436401367,117.64394760131836,22.04202627152234,-0.11672789556438101,0.7304326917662499,0.9687499996215819,159.90549087524414,6.379831790924072,0.0,BLUR,0054.png
863.086890820181,3081.055618286133,46.13795852661133,12.967215607454765,-0.14285445407183836,6.964871065462045,0.999999999009901,167.30561065673828,5.6877217292785645,0.0,UNDEREXPOSED,0054.png
9164.118372924608,32384.33073425293,212.14273071289062,41.20291629893869,-2.01574003668037,23.145409564582824,0.9999999996078431,151.48575592041016,6.710388660430908,0.0,OVEREXPOSED,0054.png
29177.58399539045,45940.240409851074,118.36759185791016,46.17903136434799,-0.003513918053770377,37.640070566400084,0.9999999996078431,185.4488639831543,7.561695098876953,0.0,NOISY,0054.png
1077.0953497267183,13888.321617126465,117.7220344543457,29.20453615388011,-0.08634250549892261,9.000719241046792,0.9999999996078431,160.19987106323242,6.763097286224365,0.0,CORRUPTED,0054.png
1945.381328582749,11063.908935546875,48.24176025390625,46.71026155355487,2.053613275391665,9.647609000959362,0.8804780872986143,85.09155654907227,3.6347179412841797,0.0,GOOD,0718.png
41.31328582763672,1832.4271240234375,51.395225524902344,42.702079830585625,1.8459713275545215,1.5880251905988987,0.8054474705037169,84.27251815795898,4.248716354370117,0.0,BLUR,0718.png
76.33157730101084,430.96263122558594,8.89013671875,9.295154354605247,2.031454616373156,1.914464363049879,0.8775510186172428,89.39877319335938,2.739288568496704,0.0,UNDEREXPOSED,0718.png
3475.6309661864652,20590.79670715332,88.75262069702148,66.09425503728247,1.5859009346610962,12.840018789803006,0.7832167829429312,73.10165405273438,3.712601661682129,0.0,OVEREXPOSED,0718.png
8370.100848491404,18965.46160888672,53.47489547729492,50.464164512803954,1.7444724012695176,19.938773384612187,0.9999999996078431,200.3687286376953,7.0590715408325195,0.0,NOISY,0718.png
1124.8997116088285,5882.844375610352,32.18068313598633,31.02480953525505,2.4744896106544583,7.384379895814773,0.9234972672549195,255.0,3.150742530822754,0.0,CORRUPTED,0718.png
2497.9028125805635,21924.624221801758,84.04191589355469,66.28037718369626,1.0424438820766677,10.995627891420662,0.999999999593496,131.89214324951172,7.579899311065674,0.0,GOOD,0723.png
2.996204244889668,1225.7052917480469,87.4178352355957,59.14965481284598,1.0402951650242087,0.27418962177618117,0.9767441856679285,124.14590072631836,7.559820652008057,0.0,BLUR,0723.png
268.02235029543226,2338.8650283813477,27.138954162597656,21.643771845716884,1.042201981903613,3.6072613721920304,0.9999999987500001,134.13790130615234,5.970846652984619,0.0,UNDEREXPOSED,0723.png
6047.125980018638,42631.673736572266,138.1878204345703,80.06077866794976,0.208627793484717,17.11089264581437,0.9999999996078431,119.77941131591797,7.235564231872559,0.0,OVEREXPOSED,0723.png
47976.44055918131,73768.01566314697,91.62289047241211,77.85996300979957,0.9243186399084032,48.766824086600096,0.9999999996078431,116.3047981262207,7.404843807220459,0.0,NOISY,0723.png
956.9623721832759,19292.564163208008,87.63451385498047,67.28355899921935,1.0437508417481434,7.841867855310716,0.9999999996078431,104.43879699707031,6.157169818878174,0.0,CORRUPTED,0723.png
3460.692311014922,11921.043647766113,119.88393020629883,34.89446518435216,-0.2893639534893278,14.084288383679912,0.9305019301426632,93.73959350585938,6.898625373840332,0.0,GOOD,0890.png
5.523811294697225,1099.6208267211914,118.42587661743164,28.507500963657034,-0.2421795743750161,0.5256946797449199,0.8149779732092608,91.14273834228516,6.668379306793213,0.0,BLUR,0890.png
242.15582357696258,830.7035522460938,31.153545379638672,9.200612090299591,-0.27014973993930724,3.728859160698347,0.9411764692041523,94.74074935913086,4.993305206298828,0.0,UNDEREXPOSED,0890.png
7638.260539782932,23521.348640441895,210.67480087280273,47.65726313678795,-1.4906973238119168,21.073023740122867,0.8749999996783088,66.8465576171875,6.524145603179932,0.0,OVEREXPOSED,0890.png
25513.46055209553,37311.145515441895,118.49900436401367,46.737651387026425,-0.020847450371855637,35.1678994397169,0.9999999996078431,153.4327392578125,7.578217506408691,0.0,NOISY,0890.png
2709.0318484643794,9348.505966186523,103.25833892822266,30.43949935400517,0.02879962398209998,12.450366391353477,0.929824560995691,255.0,6.738969326019287,0.0,CORRUPTED,0890.png
1490.4566132537875,16679.705352783203,128.62298965454102,64.66542600056029,-0.0388862848788618,8.351392585432231,0.9767441856679285,32.521263122558594,7.860180854797363,0.0,GOOD,0130.png
54.55021860165289,3485.7010498046875,128.63422775268555,58.33350235088965,-0.0021991337777997927,1.7500834266152583,0.9463601528941148,29.16030502319336,7.756100177764893,0.0,BLUR,0130.png
25.13041621609591,265.6819305419922,15.475669860839844,8.126791612108258,-0.03808208251226022,1.0990017197846624,0.9999999967741935,34.126399993896484,4.873210906982422,0.0,UNDEREXPOSED,0130.png
2899.123430264866,28140.30132293701,194.42907333374023,74.10136737412572,-0.8230694806534036,11.666521299564895,0.961538461168639,21.04798126220703,5.307960033416748,0.0,OVEREXPOSED,0130.png
16052.875396683676,32564.250282287598,128.0438690185547,66.93995707603376,-0.031146800078832297,27.69681428649962,0.9999999996078431,125.70639038085938,7.957875728607178,0.0,NOISY,0130.png
655.3781805911567,14847.230995178223,128.3829002380371,64.13403891315217,-0.03418428764507218,6.595940128718893,0.9999999996078431,10.444759368896484,6.8024749755859375,0.0,CORRUPTED,0130.png
